Cell,Cluster
0,17
1,1
2,16
3,12
4,8
5,6
6,20
7,7
8,7
9,13
10,0
11,1
12,3
13,19
14,1
15,10
16,3
17,12
18,10
19,11
20,0
21,15
22,16
23,1
24,1
25,11
26,0
27,1
28,6
29,3
30,15
31,12
32,3
33,1
34,21
35,5
36,5
37,7
38,7
39,1
40,13
41,3
42,5
43,7
44,18
45,0
46,13
47,20
48,14
49,17
50,14
51,0
52,6
53,15
54,2
55,6
56,7
57,0
58,11
59,15
60,15
61,3
62,11
63,15
64,7
65,14
66,10
67,1
68,1
69,2
70,2
71,6
72,9
73,1
74,0
75,7
76,3
77,3
78,13
79,0
80,7
81,7
82,7
83,0
84,7
85,0
86,14
87,7
88,7
89,12
90,6
91,11
92,19
93,1
94,1
95,7
96,1
97,15
98,15
99,5
100,14
101,3
102,0
103,10
104,1
105,0
106,14
107,2
108,7
109,11
110,0
111,12
112,0
113,9
114,15
115,0
116,18
117,5
118,7
119,13
120,5
121,0
122,13
123,7
124,9
125,2
126,1
127,6
128,6
129,2
130,7
131,19
132,14
133,1
134,7
135,10
136,1
137,7
138,19
139,9
140,12
141,5
142,11
143,5
144,6
145,1
146,7
147,9
148,7
149,19
150,21
151,10
152,6
153,1
154,12
155,0
156,0
157,14
158,13
159,11
160,1
161,0
162,0
163,6
164,10
165,1
166,1
167,0
168,3
169,13
170,6
171,0
172,2
173,1
174,2
175,9
176,1
177,15
178,0
179,19
180,2
181,2
182,7
183,6
184,0
185,14
186,12
187,15
188,13
189,7
190,8
191,4
192,1
193,6
194,14
195,5
196,15
197,9
198,7
199,6
200,1
201,5
202,11
203,3
204,7
205,1
206,7
207,15
208,7
209,15
210,3
211,15
212,18
213,6
214,1
215,15
216,6
217,1
218,19
219,16
220,15
221,11
222,15
223,12
224,12
225,14
226,3
227,18
228,7
229,3
230,2
231,7
232,15
233,4
234,5
235,10
236,0
237,10
238,7
239,2
240,15
241,2
242,16
243,1
244,19
245,6
246,1
247,0
248,1
249,6
250,7
251,15
252,2
253,3
254,1
255,0
256,2
257,2
258,6
259,11
260,14
261,9
262,11
263,11
264,2
265,5
266,10
267,5
268,6
269,0
270,5
271,17
272,5
273,7
274,13
275,14
276,12
277,6
278,0
279,19
280,0
281,0
282,14
283,2
284,1
285,12
286,0
287,3
288,6
289,12
290,8
291,15
292,13
293,17
294,1
295,16
296,13
297,1
298,4
299,15
300,6
301,0
302,7
303,2
304,0
305,3
306,19
307,1
308,2
309,4
310,13
311,3
312,17
313,14
314,0
315,15
316,13
317,3
318,9
319,12
320,13
321,7
322,20
323,4
324,1
325,0
326,0
327,1
328,0
329,10
330,3
331,5
332,6
333,6
334,21
335,0
336,0
337,13
338,14
339,0
340,1
341,0
342,6
343,2
344,13
345,7
346,7
347,1
348,10
349,11
350,7
351,7
352,12
353,3
354,0
355,16
356,15
357,6
358,13
359,19
360,15
361,6
362,1
363,2
364,13
365,15
366,3
367,1
368,0
369,7
370,9
371,7
372,18
373,20
374,15
375,12
376,3
377,9
378,0
379,6
380,13
381,14
382,3
383,1
384,15
385,14
386,15
387,7
388,0
389,6
390,6
391,20
392,10
393,1
394,15
395,7
396,14
397,0
398,8
399,14
400,21
401,5
402,6
403,10
404,1
405,6
406,15
407,0
408,0
409,12
410,4
411,5
412,13
413,19
414,11
415,16
416,7
417,21
418,1
419,11
420,2
421,1
422,1
423,7
424,3
425,1
426,3
427,13
428,1
429,15
430,13
431,15
432,13
433,1
434,7
435,10
436,2
437,13
438,21
439,21
440,0
441,10
442,19
443,3
444,0
445,6
446,0
447,7
448,6
449,16
450,19
451,6
452,10
453,6
454,12
455,12
456,6
457,13
458,7
459,1
460,1
461,20
462,1
463,5
464,3
465,19
466,6
467,3
468,15
469,1
470,3
471,15
472,6
473,4
474,13
475,7
476,6
477,14
478,16
479,20
480,18
481,9
482,7
483,4
484,3
485,2
486,16
487,11
488,2
489,2
490,6
491,10
492,14
493,3
494,8
495,11
496,7
497,11
498,8
499,1
500,5
501,9
502,21
503,5
504,1
505,14
506,7
507,0
508,1
509,1
510,6
511,16
512,1
513,18
514,0
515,5
516,5
517,5
518,5
519,5
520,5
521,1
522,1
523,1
524,11
525,7
526,0
527,7
528,3
529,1
530,16
531,2
532,8
533,4
534,5
535,3
536,19
537,5
538,11
539,1
540,10
541,13
542,15
543,5
544,6
545,16
546,5
547,7
548,6
549,2
550,16
551,13
552,13
553,14
554,15
555,2
556,6
557,9
558,7
559,6
560,0
561,4
562,16
563,14
564,13
565,6
566,5
567,6
568,0
569,0
570,12
571,7
572,7
573,7
574,3
575,1
576,5
577,9
578,10
579,3
580,1
581,1
582,10
583,11
584,19
585,11
586,7
587,0
588,11
589,4
590,5
591,1
592,9
593,15
594,17
595,5
596,15
597,1
598,1
599,2
600,13
601,17
602,12
603,12
604,7
605,7
606,5
607,18
608,7
609,5
610,6
611,12
612,11
613,13
614,13
615,10
616,1
617,2
618,3
619,13
620,4
621,4
622,1
623,5
624,6
625,1
626,13
627,4
628,6
629,0
630,5
631,16
632,1
633,0
634,5
635,15
636,11
637,2
638,1
639,19
640,10
641,5
642,12
643,1
644,13
645,6
646,15
647,19
648,12
649,14
650,0
651,8
652,7
653,13
654,3
655,14
656,6
657,11
658,2
659,14
660,1
661,9
662,10
663,20
664,12
665,17
666,13
667,8
668,7
669,14
670,0
671,10
672,13
673,6
674,0
675,1
676,3
677,1
678,0
679,5
680,13
681,11
682,15
683,14
684,11
685,4
686,0
687,18
688,16
689,14
690,19
691,0
692,6
693,19
694,0
695,1
696,15
697,0
698,0
699,2
700,3
701,21
702,7
703,1
704,9
705,15
706,19
707,10
708,12
709,13
710,14
711,7
712,6
713,7
714,12
715,10
716,14
717,5
718,0
719,13
720,7
721,2
722,7
723,0
724,20
725,6
726,11
727,7
728,1
729,7
730,7
731,18
732,2
733,3
734,6
735,7
736,5
737,7
738,7
739,11
740,16
741,5
742,19
743,12
744,16
745,1
746,13
747,12
748,0
749,1
750,2
751,1
752,1
753,14
754,0
755,16
756,4
757,15
758,5
759,10
760,12
761,15
762,16
763,17
764,5
765,7
766,1
767,13
768,14
769,14
770,11
771,13
772,1
773,19
774,13
775,1
776,1
777,19
778,14
779,3
780,0
781,21
782,15
783,14
784,5
785,11
786,15
787,3
788,3
789,11
790,0
791,12
792,14
793,6
794,7
795,1
796,3
797,6
798,15
799,20
800,6
801,13
802,3
803,1
804,3
805,15
806,13
807,1
808,0
809,5
810,20
811,0
812,0
813,5
814,7
815,7
816,7
817,14
818,17
819,14
820,14
821,16
822,16
823,0
824,1
825,10
826,14
827,2
828,9
829,0
830,5
831,13
832,13
833,19
834,2
835,18
836,2
837,0
838,0
839,18
840,2
841,3
842,5
843,0
844,2
845,15
846,15
847,3
848,10
849,12
850,12
851,5
852,7
853,7
854,6
855,10
856,12
857,6
858,0
859,1
860,0
861,6
862,0
863,7
864,6
865,7
866,11
867,4
868,5
869,0
870,18
871,6
872,16
873,2
874,10
875,13
876,4
877,19
878,1
879,0
880,4
881,6
882,2
883,0
884,11
885,8
886,3
887,14
888,1
889,4
890,18
891,18
892,0
893,14
894,12
895,21
896,9
897,13
898,19
899,21
900,8
901,1
902,1
903,0
904,14
905,7
906,16
907,14
908,16
909,2
910,9
911,13
912,13
913,17
914,6
915,15
916,0
917,4
918,13
919,2
920,3
921,2
922,7
923,7
924,1
925,1
926,1
927,16
928,7
929,12
930,2
931,2
932,3
933,0
934,13
935,10
936,7
937,0
938,7
939,6
940,1
941,2
942,2
943,18
944,5
945,15
946,13
947,16
948,1
949,0
950,15
951,6
952,3
953,7
954,6
955,0
956,1
957,3
958,10
959,5
960,1
961,0
962,0
963,1
964,6
965,13
966,16
967,18
968,17
969,9
970,15
971,2
972,1
973,7
974,0
975,7
976,3
977,13
978,12
979,4
980,20
981,10
982,10
983,12
984,11
985,7
986,7
987,1
988,16
989,0
990,3
991,18
992,7
993,14
994,11
995,6
996,11
997,11
998,21
999,1
1000,1
1001,2
1002,6
1003,12
1004,3
1005,5
1006,12
1007,7
1008,11
1009,12
1010,1
1011,12
1012,1
1013,15
1014,7
1015,13
1016,0
1017,14
1018,6
1019,20
1020,7
1021,14
1022,2
1023,4
1024,14
1025,0
1026,0
1027,4
1028,6
1029,12
1030,16
1031,15
1032,6
1033,3
1034,3
1035,8
1036,13
1037,3
1038,6
1039,5
1040,13
1041,6
1042,5
1043,10
1044,6
1045,3
1046,7
1047,1
1048,3
1049,5
1050,1
1051,11
1052,6
1053,20
1054,15
1055,9
1056,7
1057,0
1058,11
1059,15
1060,2
1061,12
1062,6
1063,9
1064,13
1065,6
1066,12
1067,1
1068,10
1069,7
1070,3
1071,16
1072,14
1073,17
1074,11
1075,4
1076,15
1077,7
1078,6
1079,5
1080,13
1081,0
1082,5
1083,1
1084,1
1085,6
1086,3
1087,1
1088,0
1089,0
1090,0
1091,1
1092,4
1093,10
1094,3
1095,7
1096,9
1097,15
1098,12
1099,1
1100,15
1101,3
1102,6
1103,3
1104,9
1105,7
1106,19
1107,0
1108,0
1109,1
1110,7
1111,1
1112,6
1113,11
1114,2
1115,13
1116,5
1117,1
1118,7
1119,18
1120,14
1121,1
1122,11
1123,15
1124,7
1125,17
1126,14
1127,21
1128,3
1129,7
1130,13
1131,9
1132,20
1133,0
1134,16
1135,11
1136,2
1137,6
1138,15
1139,17
1140,14
1141,6
1142,12
1143,5
1144,6
1145,3
1146,3
1147,11
1148,1
1149,15
1150,10
1151,0
1152,0
1153,6
1154,1
1155,21
1156,11
1157,0
1158,6
1159,7
1160,11
1161,19
1162,17
1163,7
1164,2
1165,1
1166,19
1167,11
1168,1
1169,0
1170,21
1171,12
1172,7
1173,6
1174,15
1175,11
1176,20
1177,19
1178,6
1179,7
1180,7
1181,21
1182,6
1183,4
1184,6
1185,6
1186,5
1187,15
1188,11
1189,6
1190,13
1191,7
1192,3
1193,8
1194,12
1195,16
1196,1
1197,15
1198,15
1199,7
1200,14
1201,2
1202,7
1203,11
1204,6
1205,2
1206,10
1207,0
1208,1
1209,15
1210,1
1211,13
1212,6
1213,11
1214,1
1215,1
1216,11
1217,14
1218,7
1219,7
1220,20
1221,7
1222,1
1223,16
1224,6
1225,11
1226,11
1227,15
1228,20
1229,2
1230,10
1231,7
1232,2
1233,14
1234,14
1235,7
1236,13
1237,0
1238,3
1239,11
1240,14
1241,3
1242,14
1243,9
1244,19
1245,5
1246,1
1247,4
1248,6
1249,3
1250,9
1251,8
1252,3
1253,13
1254,15
1255,7
1256,7
1257,13
1258,6
1259,11
1260,2
1261,7
1262,4
1263,1
1264,11
1265,7
1266,15
1267,1
1268,19
1269,17
1270,5
1271,0
1272,6
1273,4
1274,1
1275,3
1276,1
1277,6
1278,12
1279,14
1280,7
1281,0
1282,1
1283,11
1284,16
1285,12
1286,21
1287,13
1288,7
1289,10
1290,14
1291,11
1292,12
1293,11
1294,6
1295,3
1296,6
1297,10
1298,0
1299,21
1300,12
1301,7
1302,12
1303,3
1304,16
1305,6
1306,0
1307,4
1308,7
1309,12
1310,3
1311,6
1312,3
1313,9
1314,14
1315,11
1316,1
1317,12
1318,3
1319,14
1320,3
1321,2
1322,2
1323,5
1324,7
1325,19
1326,8
1327,8
1328,15
1329,5
1330,17
1331,1
1332,0
1333,15
1334,12
1335,3
1336,7
1337,5
1338,7
1339,0
1340,1
1341,7
1342,0
1343,5
1344,14
1345,0
1346,10
1347,12
1348,3
1349,7
1350,1
1351,11
1352,14
1353,1
1354,11
1355,12
1356,0
1357,16
1358,5
1359,13
1360,13
1361,1
1362,7
1363,13
1364,13
1365,6
1366,16
1367,3
1368,10
1369,0
1370,14
1371,1
1372,18
1373,18
1374,1
1375,2
1376,17
1377,0
1378,15
1379,15
1380,0
1381,3
1382,18
1383,1
1384,20
1385,20
1386,2
1387,10
1388,19
1389,13
1390,5
1391,13
1392,5
1393,0
1394,13
1395,7
1396,0
1397,3
1398,18
1399,1
1400,13
1401,14
1402,11
1403,20
1404,11
1405,3
1406,3
1407,5
1408,10
1409,10
1410,5
1411,1
1412,7
1413,21
1414,10
1415,9
1416,13
1417,8
1418,1
1419,1
1420,20
1421,11
1422,1
1423,13
1424,0
1425,5
1426,8
1427,7
1428,7
1429,5
1430,13
1431,4
1432,7
1433,7
1434,12
1435,6
1436,11
1437,14
1438,8
1439,1
1440,5
1441,7
1442,7
1443,6
1444,13
1445,15
1446,5
1447,1
1448,7
1449,14
1450,9
1451,20
1452,2
1453,1
1454,20
1455,0
1456,19
1457,7
1458,7
1459,2
1460,4
1461,1
1462,13
1463,6
1464,6
1465,5
1466,6
1467,6
1468,7
1469,18
1470,19
1471,7
1472,5
1473,2
1474,14
1475,6
1476,12
1477,21
1478,2
1479,7
1480,6
1481,13
1482,4
1483,11
1484,4
1485,14
1486,2
1487,9
1488,15
1489,8
1490,4
1491,7
1492,7
1493,11
1494,19
1495,14
1496,3
1497,1
1498,20
1499,2
1500,16
1501,0
1502,7
1503,12
1504,10
1505,3
1506,5
1507,1
1508,4
1509,15
1510,6
1511,0
1512,5
1513,10
1514,15
1515,11
1516,6
1517,1
1518,8
1519,2
1520,0
1521,4
1522,7
1523,0
1524,4
1525,12
1526,6
1527,10
1528,6
1529,14
1530,18
1531,1
1532,5
1533,11
1534,11
1535,12
1536,7
1537,3
1538,11
1539,0
1540,6
1541,3
1542,15
1543,1
1544,17
1545,5
1546,7
1547,5
1548,13
1549,13
1550,16
1551,4
1552,1
1553,7
1554,0
1555,11
1556,5
1557,8
1558,21
1559,19
1560,1
1561,2
1562,13
1563,1
1564,5
1565,6
1566,6
1567,15
1568,4
1569,1
1570,20
1571,13
1572,1
1573,6
1574,3
1575,7
1576,3
1577,1
1578,5
1579,14
1580,13
1581,11
1582,7
1583,9
1584,10
1585,9
1586,11
1587,3
1588,20
1589,3
1590,3
1591,2
1592,14
1593,7
1594,0
1595,16
1596,5
1597,1
1598,7
1599,21
1600,6
1601,10
1602,2
1603,10
1604,6
1605,3
1606,3
1607,13
1608,11
1609,16
1610,18
1611,12
1612,8
1613,16
1614,1
1615,13
1616,11
1617,3
1618,6
1619,6
1620,15
1621,1
1622,7
1623,15
1624,0
1625,10
1626,5
1627,12
1628,12
1629,21
1630,6
1631,17
1632,5
1633,20
1634,18
1635,10
1636,2
1637,0
1638,4
1639,13
1640,5
1641,6
1642,6
1643,11
1644,6
1645,0
1646,3
1647,1
1648,2
1649,7
1650,19
1651,14
1652,0
1653,1
1654,18
1655,15
1656,18
1657,5
1658,16
1659,11
1660,14
1661,5
1662,7
1663,0
1664,6
1665,13
1666,12
1667,7
1668,3
1669,19
1670,15
1671,3
1672,13
1673,15
1674,19
1675,18
1676,14
1677,0
1678,3
1679,1
1680,0
1681,11
1682,8
1683,7
1684,15
1685,8
1686,2
1687,14
1688,7
1689,15
1690,5
1691,6
1692,13
1693,3
1694,2
1695,1
1696,4
1697,1
1698,13
1699,1
1700,11
1701,1
1702,6
1703,12
1704,0
1705,19
1706,6
1707,1
1708,3
1709,4
1710,0
1711,11
1712,3
1713,1
1714,3
1715,13
1716,12
1717,13
1718,18
1719,6
1720,20
1721,15
1722,4
1723,0
1724,11
1725,20
1726,1
1727,3
1728,1
1729,14
1730,6
1731,14
1732,11
1733,7
1734,14
1735,1
1736,18
1737,0
1738,6
1739,6
1740,15
1741,2
1742,11
1743,2
1744,0
1745,19
1746,3
1747,6
1748,2
1749,4
1750,5
1751,7
1752,8
1753,10
1754,6
1755,7
1756,13
1757,2
1758,15
1759,7
1760,3
1761,6
1762,5
1763,3
1764,10
1765,7
1766,12
1767,7
1768,7
1769,0
1770,1
1771,1
1772,2
1773,0
1774,12
1775,4
1776,11
1777,7
1778,14
1779,12
1780,11
1781,15
1782,2
1783,6
1784,1
1785,10
1786,7
1787,8
1788,21
1789,18
1790,12
1791,12
1792,12
1793,3
1794,8
1795,13
1796,18
1797,6
1798,14
1799,2
1800,11
1801,16
1802,5
1803,18
1804,18
1805,13
1806,18
1807,6
1808,16
1809,0
1810,11
1811,5
1812,0
1813,14
1814,0
1815,15
1816,13
1817,7
1818,5
1819,2
1820,14
1821,13
1822,6
1823,2
1824,15
1825,1
1826,15
1827,7
1828,2
1829,0
1830,15
1831,3
1832,1
1833,15
1834,2
1835,14
1836,9
1837,6
1838,10
1839,0
1840,15
1841,3
1842,3
1843,2
1844,7
1845,5
1846,7
1847,20
1848,11
1849,11
1850,8
1851,1
1852,7
1853,1
1854,1
1855,19
1856,14
1857,13
1858,20
1859,9
1860,3
1861,12
1862,6
1863,19
1864,16
1865,6
1866,13
1867,1
1868,7
1869,14
1870,14
1871,7
1872,13
1873,2
1874,0
1875,13
1876,9
1877,2
1878,2
1879,13
1880,6
1881,0
1882,2
1883,0
1884,18
1885,16
1886,0
1887,18
1888,12
1889,1
1890,7
1891,0
1892,3
1893,7
1894,11
1895,7
1896,0
1897,6
1898,9
1899,1
1900,5
1901,7
1902,1
1903,11
1904,11
1905,2
1906,2
1907,3
1908,1
1909,17
1910,0
1911,12
1912,1
1913,12
1914,14
1915,7
1916,11
1917,4
1918,5
1919,5
1920,2
1921,18
1922,5
1923,7
1924,1
1925,20
1926,7
1927,11
1928,1
1929,1
1930,15
1931,7
1932,18
1933,2
1934,15
1935,5
1936,9
1937,14
1938,12
1939,13
1940,1
1941,1
1942,13
1943,7
1944,14
1945,21
1946,16
1947,13
1948,13
1949,10
1950,0
1951,15
1952,6
1953,5
1954,7
1955,5
1956,13
1957,14
1958,5
1959,7
1960,11
1961,14
1962,13
1963,10
1964,15
1965,5
1966,14
1967,12
1968,4
1969,4
1970,3
1971,0
1972,0
1973,4
1974,13
1975,7
1976,0
1977,3
1978,13
1979,17
1980,6
1981,19
1982,3
1983,21
1984,0
1985,12
1986,4
1987,11
1988,6
1989,16
1990,0
1991,0
1992,14
1993,7
1994,0
1995,0
1996,2
1997,1
1998,18
1999,7
2000,8
2001,0
2002,1
2003,2
2004,10
2005,0
2006,3
2007,3
2008,3
2009,1
2010,11
2011,7
2012,15
2013,7
2014,2
2015,21
2016,2
2017,13
2018,9
2019,11
2020,19
2021,14
2022,12
2023,12
2024,3
2025,1
2026,16
2027,9
2028,16
2029,13
2030,5
2031,12
2032,2
2033,9
2034,7
2035,6
2036,11
2037,15
2038,13
2039,2
2040,13
2041,2
2042,2
2043,14
2044,6
2045,3
2046,16
2047,1
2048,8
2049,6
2050,7
2051,0
2052,1
2053,3
2054,18
2055,16
2056,14
2057,15
2058,3
2059,0
2060,21
2061,13
2062,0
2063,5
2064,0
2065,6
2066,13
2067,21
2068,6
2069,3
2070,0
2071,15
2072,12
2073,5
2074,1
2075,11
2076,7
2077,17
2078,10
2079,2
2080,1
2081,11
2082,0
2083,11
2084,3
2085,11
2086,1
2087,3
2088,6
2089,21
2090,3
2091,17
2092,8
2093,6
2094,7
2095,11
2096,18
2097,2
2098,10
2099,15
2100,7
2101,13
2102,3
2103,13
2104,13
2105,1
2106,3
2107,14
2108,10
2109,7
2110,0
2111,0
2112,15
2113,6
2114,9
2115,4
2116,3
2117,2
2118,11
2119,2
2120,16
2121,3
2122,13
2123,2
2124,15
2125,1
2126,7
2127,0
2128,6
2129,11
2130,14
2131,11
2132,18
2133,13
2134,0
2135,3
2136,14
2137,1
2138,7
2139,14
2140,3
2141,0
2142,7
2143,3
2144,10
2145,0
2146,15
2147,11
2148,14
2149,3
2150,0
2151,4
2152,1
2153,6
2154,0
2155,7
2156,1
2157,21
2158,14
2159,3
2160,16
2161,18
2162,5
2163,2
2164,3
2165,2
2166,0
2167,9
2168,4
2169,3
2170,17
2171,19
2172,11
2173,7
2174,18
2175,2
2176,12
2177,12
2178,1
2179,18
2180,5
2181,0
2182,15
2183,11
2184,18
2185,5
2186,0
2187,1
2188,3
2189,16
2190,1
2191,5
2192,14
2193,16
2194,5
2195,3
2196,0
2197,0
2198,10
2199,6
2200,10
2201,0
2202,6
2203,0
2204,15
2205,20
2206,4
2207,2
2208,7
2209,0
2210,3
2211,3
2212,3
2213,16
2214,11
2215,3
2216,9
2217,14
2218,14
2219,12
2220,6
2221,11
2222,3
2223,15
2224,5
2225,7
2226,2
2227,5
2228,1
2229,10
2230,0
2231,9
2232,14
2233,17
2234,1
2235,15
2236,9
2237,12
2238,3
2239,5
2240,11
2241,7
2242,11
2243,14
2244,5
2245,0
2246,10
2247,0
2248,10
2249,8
2250,5
2251,7
2252,17
2253,2
2254,3
2255,10
2256,16
2257,14
2258,6
2259,0
2260,2
2261,6
2262,5
2263,11
2264,6
2265,6
2266,8
2267,15
2268,6
2269,2
2270,4
2271,5
2272,3
2273,7
2274,8
2275,12
2276,2
2277,16
2278,13
2279,5
2280,11
2281,4
2282,7
2283,14
2284,2
2285,12
2286,1
2287,14
2288,1
2289,14
2290,0
2291,4
2292,13
2293,2
2294,18
2295,10
2296,14
2297,0
2298,8
2299,7
2300,6
2301,7
2302,15
2303,11
2304,2
2305,15
2306,3
2307,7
2308,5
2309,11
2310,7
2311,1
2312,7
2313,14
2314,12
2315,0
2316,0
2317,1
2318,20
2319,1
2320,21
2321,15
2322,5
2323,6
2324,6
2325,16
2326,1
2327,1
2328,0
2329,6
2330,15
2331,0
2332,19
2333,11
2334,7
2335,6
2336,8
2337,0
2338,14
2339,12
2340,20
2341,15
2342,10
2343,10
2344,12
2345,18
2346,17
2347,15
2348,14
2349,6
2350,5
2351,15
2352,14
2353,2
2354,17
2355,1
2356,13
2357,15
2358,5
2359,13
2360,6
2361,15
2362,4
2363,11
2364,1
2365,14
2366,16
2367,7
2368,3
2369,1
2370,15
2371,4
2372,6
2373,3
2374,5
2375,16
2376,11
2377,6
2378,2
2379,14
2380,11
2381,20
2382,7
2383,16
2384,2
2385,13
2386,16
2387,20
2388,11
2389,10
2390,12
2391,3
2392,0
2393,1
2394,3
2395,11
2396,21
2397,7
2398,14
2399,19
2400,5
2401,10
2402,2
2403,1
2404,2
2405,18
2406,19
2407,5
2408,3
2409,7
2410,0
2411,1
2412,0
2413,4
2414,1
2415,16
2416,2
2417,13
2418,19
2419,11
2420,0
2421,5
2422,3
2423,11
2424,15
2425,1
2426,14
2427,11
2428,7
2429,15
2430,13
2431,20
2432,11
2433,16
2434,6
2435,13
2436,2
2437,1
2438,7
2439,11
2440,7
2441,8
2442,15
2443,8
2444,18
2445,15
2446,6
2447,5
2448,7
2449,9
2450,1
2451,14
2452,6
2453,9
2454,1
2455,6
2456,7
2457,2
2458,7
2459,13
2460,16
2461,18
2462,6
2463,1
2464,1
2465,1
2466,2
2467,6
2468,2
2469,7
2470,9
2471,1
2472,14
2473,0
2474,3
2475,5
2476,7
2477,10
2478,0
2479,6
2480,18
2481,3
2482,11
2483,0
2484,14
2485,15
2486,6
2487,2
2488,10
2489,5
2490,11
2491,6
2492,3
2493,6
2494,15
2495,7
2496,6
2497,12
2498,15
2499,7
2500,6
2501,14
2502,0
2503,14
2504,13
2505,7
2506,14
2507,7
2508,1
2509,11
2510,0
2511,13
2512,7
2513,4
2514,1
2515,6
2516,11
2517,11
2518,11
2519,7
2520,5
2521,10
2522,7
2523,8
2524,0
2525,3
2526,5
2527,6
2528,0
2529,6
2530,15
2531,12
2532,1
2533,0
2534,5
2535,5
2536,1
2537,5
2538,4
2539,0
2540,1
2541,1
2542,5
2543,5
2544,3
2545,7
2546,7
2547,6
2548,14
2549,9
2550,11
2551,12
2552,3
2553,3
2554,19
2555,17
2556,1
2557,17
2558,5
2559,6
2560,0
2561,7
2562,7
2563,13
2564,6
2565,15
2566,2
2567,6
2568,10
2569,11
2570,0
2571,14
2572,9
2573,19
2574,1
2575,4
2576,10
2577,19
2578,6
2579,15
2580,11
2581,0
2582,15
2583,15
2584,12
2585,2
2586,7
2587,9
2588,13
2589,1
2590,6
2591,16
2592,14
2593,2
2594,5
2595,7
2596,10
2597,13
2598,0
2599,7
2600,15
2601,2
2602,2
2603,14
2604,6
2605,17
2606,11
2607,3
2608,1
2609,7
2610,11
2611,7
2612,7
2613,14
2614,7
2615,11
2616,13
2617,3
2618,15
2619,2
2620,3
2621,9
2622,2
2623,0
2624,16
2625,6
2626,14
2627,16
2628,6
2629,16
2630,11
2631,3
2632,0
2633,7
2634,3
2635,16
2636,1
2637,12
2638,17
2639,7
2640,7
2641,15
2642,2
2643,14
2644,5
2645,6
2646,1
2647,14
2648,16
2649,18
2650,9
2651,11
2652,5
2653,18
2654,6
2655,3
2656,15
2657,0
2658,16
2659,2
2660,7
2661,9
2662,11
2663,7
2664,0
2665,0
2666,7
2667,16
2668,1
2669,6
2670,11
2671,15
2672,0
2673,5
2674,14
2675,19
2676,4
2677,2
2678,17
2679,9
2680,4
2681,11
2682,6
2683,15
2684,6
2685,19
2686,10
2687,12
2688,5
2689,15
2690,4
2691,5
2692,7
2693,0
2694,21
2695,18
2696,16
2697,11
2698,18
2699,19
2700,1
2701,7
2702,12
2703,7
2704,7
2705,20
2706,19
2707,14
2708,20
2709,1
2710,1
2711,0
2712,6
2713,0
2714,12
2715,13
2716,3
2717,1
2718,12
2719,5
2720,0
2721,5
2722,10
2723,15
2724,5
2725,21
2726,8
2727,7
2728,13
2729,13
2730,7
2731,10
2732,4
2733,2
2734,14
2735,14
2736,3
2737,0
2738,13
2739,7
2740,0
2741,1
2742,1
2743,4
2744,2
2745,7
2746,11
2747,3
2748,7
2749,11
2750,12
2751,0
2752,5
2753,15
2754,19
2755,5
2756,0
2757,3
2758,2
2759,3
2760,15
2761,14
2762,13
2763,15
2764,5
2765,18
2766,2
2767,10
2768,0
2769,1
2770,7
2771,3
2772,16
2773,15
2774,5
2775,6
2776,4
2777,1
2778,6
2779,0
2780,18
2781,15
2782,12
2783,16
2784,15
2785,6
2786,12
2787,15
2788,7
2789,0
2790,5
2791,16
2792,16
2793,1
2794,7
2795,5
2796,18
2797,3
2798,7
2799,13
2800,7
2801,12
2802,0
2803,21
2804,16
2805,0
2806,7
2807,5
2808,1
2809,13
2810,14
2811,15
2812,1
2813,11
2814,0
2815,19
2816,1
2817,15
2818,4
2819,1
2820,4
2821,15
2822,19
2823,1
2824,6
2825,12
2826,14
2827,20
2828,5
2829,2
2830,1
2831,0
2832,14
2833,11
2834,21
2835,13
2836,16
2837,13
2838,14
2839,15
2840,7
2841,18
2842,11
2843,13
2844,8
2845,17
2846,14
2847,1
2848,1
2849,15
2850,14
2851,13
2852,6
2853,2
2854,0
2855,14
2856,12
2857,6
2858,2
2859,15
2860,7
2861,18
2862,2
2863,7
2864,12
2865,3
2866,5
2867,15
2868,2
2869,1
2870,13
2871,0
2872,18
2873,1
2874,10
2875,2
2876,14
2877,6
2878,7
2879,3
2880,12
2881,1
2882,2
2883,3
2884,12
2885,1
2886,2
2887,20
2888,3
2889,0
2890,5
2891,2
2892,0
2893,5
2894,15
2895,2
2896,0
2897,3
2898,5
2899,1
2900,12
2901,15
2902,2
2903,0
2904,5
2905,20
2906,0
2907,6
2908,19
2909,18
2910,15
2911,6
2912,6
2913,0
2914,3
2915,5
2916,1
2917,8
2918,15
2919,21
2920,3
2921,1
2922,8
2923,1
2924,2
2925,3
2926,7
2927,2
2928,7
2929,10
2930,0
2931,6
2932,13
2933,11
2934,1
2935,15
2936,2
2937,6
2938,1
2939,15
2940,14
2941,0
2942,2
2943,0
2944,10
2945,3
2946,6
2947,13
2948,0
2949,13
2950,16
2951,3
2952,6
2953,13
2954,0
2955,7
2956,14
2957,16
2958,11
2959,11
2960,3
2961,12
2962,0
2963,12
2964,2
2965,15
2966,7
2967,14
2968,6
2969,17
2970,15
2971,0
2972,0
2973,0
2974,7
2975,16
2976,9
2977,2
2978,16
2979,7
2980,7
2981,15
2982,0
2983,13
2984,1
2985,10
2986,7
2987,0
2988,10
2989,7
2990,16
2991,0
2992,7
2993,5
2994,7
2995,3
2996,0
2997,7
2998,10
2999,6
3000,10
3001,7
3002,3
3003,1
3004,7
3005,7
3006,3
3007,0
3008,2
3009,4
3010,11
3011,0
3012,1
3013,5
3014,2
3015,13
3016,3
3017,1
3018,1
3019,11
3020,9
3021,14
3022,13
3023,0
3024,14
3025,3
3026,7
3027,12
3028,2
3029,13
3030,0
3031,18
3032,11
3033,13
3034,20
3035,11
3036,0
3037,15
3038,7
3039,2
3040,2
3041,5
3042,1
3043,13
3044,0
3045,2
3046,6
3047,13
3048,6
3049,5
3050,0
3051,12
3052,13
3053,9
3054,13
3055,2
3056,16
3057,15
3058,4
3059,3
3060,1
3061,1
3062,6
3063,11
3064,1
3065,7
3066,16
3067,7
3068,6
3069,12
3070,16
3071,3
3072,11
3073,0
3074,14
3075,13
3076,18
3077,19
3078,7
3079,6
3080,0
3081,11
3082,3
3083,1
3084,4
3085,5
3086,6
3087,6
3088,6
3089,9
3090,7
3091,13
3092,9
3093,11
3094,17
3095,1
3096,8
3097,11
3098,2
3099,6
3100,5
3101,7
3102,16
3103,14
3104,10
3105,1
3106,0
3107,2
3108,11
3109,14
3110,12
3111,6
3112,5
3113,14
3114,10
3115,16
3116,8
3117,13
3118,0
3119,0
3120,0
3121,6
3122,8
3123,15
3124,7
3125,1
3126,7
3127,6
3128,15
3129,9
3130,7
3131,5
3132,6
3133,6
3134,13
3135,1
3136,1
3137,15
3138,3
3139,15
3140,14
3141,0
3142,0
3143,4
3144,7
3145,14
3146,12
3147,6
3148,19
3149,17
3150,17
3151,14
3152,9
3153,5
3154,13
3155,2
3156,11
3157,17
3158,12
3159,5
3160,7
3161,16
3162,0
3163,7
3164,3
3165,14
3166,5
3167,1
3168,11
3169,0
3170,11
3171,2
3172,0
3173,2
3174,6
3175,3
3176,12
3177,3
3178,13
3179,15
3180,13
3181,7
3182,16
3183,6
3184,3
3185,0
3186,3
3187,16
3188,3
3189,1
3190,2
3191,4
3192,0
3193,13
3194,8
3195,19
3196,1
3197,10
3198,9
3199,5
3200,6
3201,7
3202,11
3203,21
3204,13
3205,20
3206,14
3207,10
3208,7
3209,0
3210,7
3211,2
3212,15
3213,16
3214,3
3215,3
3216,16
3217,1
3218,7
3219,2
3220,10
3221,7
3222,1
3223,21
3224,14
3225,11
3226,7
3227,6
3228,7
3229,14
3230,12
3231,11
3232,12
3233,10
3234,14
3235,14
3236,19
3237,2
3238,19
3239,7
3240,0
3241,7
3242,3
3243,7
3244,15
3245,6
3246,6
3247,2
3248,1
3249,9
3250,6
3251,0
3252,1
3253,11
3254,4
3255,6
3256,7
3257,7
3258,1
3259,13
3260,9
3261,11
3262,7
3263,8
3264,5
3265,6
3266,3
3267,7
3268,1
3269,0
3270,12
3271,20
3272,19
3273,2
3274,16
3275,7
3276,9
3277,15
3278,1
3279,0
3280,0
3281,0
3282,7
3283,20
3284,5
3285,16
3286,1
3287,19
3288,2
3289,2
3290,0
3291,18
3292,10
3293,5
3294,1
3295,3
3296,6
3297,14
3298,14
3299,3
3300,0
3301,1
3302,7
3303,15
3304,7
3305,3
3306,11
3307,9
3308,7
3309,8
3310,18
3311,7
3312,6
3313,3
3314,5
3315,9
3316,3
3317,2
3318,11
3319,2
3320,16
3321,3
3322,12
3323,6
3324,5
3325,13
3326,12
3327,3
3328,12
3329,11
3330,12
3331,7
3332,11
3333,12
3334,1
3335,3
3336,11
3337,0
3338,14
3339,15
3340,2
3341,0
3342,12
3343,1
3344,1
3345,12
3346,15
3347,6
3348,0
3349,1
3350,5
3351,5
3352,11
3353,15
3354,7
3355,1
3356,7
3357,5
3358,0
3359,19
3360,8
3361,5
3362,1
3363,0
3364,19
3365,6
3366,21
3367,10
3368,12
3369,4
3370,15
3371,7
3372,0
3373,21
3374,1
3375,3
3376,1
3377,6
3378,7
3379,5
3380,6
3381,17
3382,4
3383,3
3384,21
3385,7
3386,12
3387,7
3388,6
3389,7
3390,13
3391,6
3392,3
3393,18
3394,6
3395,1
3396,1
3397,15
3398,12
3399,12
3400,14
3401,10
3402,7
3403,15
3404,2
3405,13
3406,1
3407,18
3408,14
3409,11
3410,18
3411,14
3412,1
3413,16
3414,3
3415,13
3416,18
3417,3
3418,11
3419,11
3420,3
3421,15
3422,1
3423,12
3424,18
3425,7
3426,13
3427,7
3428,12
3429,7
3430,11
3431,5
3432,13
3433,2
3434,0
3435,1
3436,11
3437,11
3438,10
3439,14
3440,1
3441,8
3442,0
3443,16
3444,5
3445,13
3446,9
3447,1
3448,7
3449,21
3450,1
3451,11
3452,3
3453,4
3454,4
3455,15
3456,20
3457,14
3458,5
3459,11
3460,0
3461,13
3462,4
3463,6
3464,5
3465,7
3466,6
3467,0
3468,8
3469,21
3470,7
3471,6
3472,7
3473,19
3474,11
3475,6
3476,3
3477,12
3478,0
3479,12
3480,6
3481,1
3482,7
3483,11
3484,14
3485,2
3486,14
3487,7
3488,9
3489,0
3490,15
3491,11
3492,2
3493,1
3494,18
3495,6
3496,6
3497,13
3498,2
3499,5
3500,8
3501,11
3502,13
3503,20
3504,0
3505,21
3506,15
3507,7
3508,13
3509,13
3510,7
3511,0
3512,11
3513,6
3514,12
3515,5
3516,1
3517,3
3518,12
3519,7
3520,3
3521,0
3522,12
3523,7
3524,0
3525,0
3526,5
3527,7
3528,10
3529,7
3530,11
3531,8
3532,14
3533,3
3534,5
3535,4
3536,15
3537,15
3538,5
3539,11
3540,1
3541,5
3542,3
3543,6
3544,5
3545,1
3546,0
3547,12
3548,2
3549,1
3550,1
3551,6
3552,7
3553,0
3554,15
3555,1
3556,13
3557,7
3558,12
3559,2
3560,12
3561,7
3562,2
3563,0
3564,14
3565,2
3566,0
3567,2
3568,7
3569,20
3570,5
3571,13
3572,21
3573,5
3574,16
3575,18
3576,0
3577,6
3578,0
3579,12
3580,14
3581,14
3582,3
3583,12
3584,8
3585,4
3586,13
3587,7
3588,5
3589,6
3590,17
3591,4
3592,1
3593,3
3594,20
3595,0
3596,11
3597,13
3598,16
3599,14
3600,10
3601,11
3602,11
3603,7
3604,15
3605,9
3606,2
3607,15
3608,0
3609,11
3610,20
3611,21
3612,5
3613,1
3614,4
3615,13
3616,10
3617,5
3618,5
3619,6
3620,11
3621,1
3622,6
3623,5
3624,11
3625,6
3626,7
3627,3
3628,7
3629,6
3630,7
3631,9
3632,9
3633,2
3634,10
3635,5
3636,6
3637,5
3638,9
3639,6
3640,14
3641,10
3642,7
3643,16
3644,14
3645,15
3646,0
3647,1
3648,1
3649,16
3650,7
3651,7
3652,13
3653,15
3654,11
3655,5
3656,12
3657,1
3658,10
3659,1
3660,21
3661,5
3662,18
3663,13
3664,20
3665,0
3666,14
3667,12
3668,3
3669,11
3670,13
3671,7
3672,5
3673,14
3674,6
3675,10
3676,4
3677,0
3678,5
3679,5
3680,3
3681,9
3682,7
3683,1
3684,19
3685,7
3686,11
3687,14
3688,16
3689,11
3690,6
3691,15
3692,0
3693,6
3694,2
3695,21
3696,14
3697,14
3698,21
3699,0
3700,15
3701,17
3702,1
3703,1
3704,14
3705,11
3706,14
3707,3
3708,6
3709,10
3710,18
3711,13
3712,1
3713,17
3714,7
3715,2
3716,7
3717,9
3718,21
3719,21
3720,6
3721,6
3722,5
3723,5
3724,12
3725,6
3726,5
3727,5
3728,14
3729,3
3730,4
3731,1
3732,7
3733,3
3734,7
3735,7
3736,7
3737,6
3738,19
3739,1
3740,2
3741,15
3742,6
3743,15
3744,7
3745,0
3746,20
3747,3
3748,1
3749,1
3750,4
3751,7
3752,8
3753,6
3754,14
3755,7
3756,14
3757,4
3758,9
3759,6
3760,18
3761,5
3762,11
3763,11
3764,14
3765,15
3766,18
3767,7
3768,3
3769,10
3770,15
3771,7
3772,2
3773,0
3774,7
3775,1
3776,5
3777,15
3778,1
3779,11
3780,20
3781,5
3782,8
3783,8
3784,3
3785,3
3786,7
3787,10
3788,3
3789,10
3790,2
3791,1
3792,9
3793,5
3794,19
3795,7
3796,14
3797,14
3798,3
3799,4
3800,6
3801,15
3802,2
3803,7
3804,5
3805,7
3806,12
3807,15
3808,16
3809,14
3810,13
3811,15
3812,13
3813,13
3814,14
3815,21
3816,4
3817,20
3818,11
3819,18
3820,10
3821,11
3822,14
3823,4
3824,10
3825,7
3826,14
3827,10
3828,0
3829,6
3830,7
3831,10
3832,21
3833,10
3834,16
3835,15
3836,19
3837,0
3838,4
3839,15
3840,2
3841,5
3842,12
3843,15
3844,12
3845,19
3846,3
3847,3
3848,0
3849,3
3850,10
3851,7
3852,7
3853,6
3854,12
3855,12
3856,2
3857,19
3858,14
3859,3
3860,1
3861,11
3862,1
3863,1
3864,15
3865,9
3866,7
3867,14
3868,6
3869,15
3870,0
3871,4
3872,3
3873,12
3874,12
3875,15
3876,7
3877,16
3878,1
3879,0
3880,1
3881,9
3882,5
3883,7
3884,7
3885,7
3886,3
3887,1
3888,11
3889,0
3890,15
3891,12
3892,7
3893,1
3894,12
3895,21
3896,2
3897,3
3898,0
3899,8
3900,13
3901,0
3902,7
3903,12
3904,7
3905,6
3906,18
3907,2
3908,8
3909,6
3910,3
3911,1
3912,3
3913,6
3914,10
3915,19
3916,16
3917,5
3918,3
3919,8
3920,6
3921,7
3922,11
3923,1
3924,5
3925,6
3926,2
3927,8
3928,7
3929,13
3930,12
3931,1
3932,9
3933,16
3934,6
3935,8
3936,6
3937,6
3938,13
3939,15
3940,14
3941,2
3942,14
3943,2
3944,14
3945,1
3946,15
3947,6
3948,3
3949,7
3950,3
3951,15
3952,5
3953,14
3954,1
3955,2
3956,3
3957,13
3958,13
3959,16
3960,9
3961,14
3962,5
3963,2
3964,3
3965,13
3966,7
3967,3
3968,7
3969,4
3970,13
3971,6
3972,6
3973,8
3974,4
3975,16
3976,11
3977,11
3978,7
3979,6
3980,14
3981,7
3982,1
3983,21
3984,12
3985,7
3986,7
3987,1
3988,2
3989,0
3990,15
3991,19
3992,1
3993,10
3994,6
3995,1
3996,15
3997,21
3998,13
3999,10
4000,1
4001,0
4002,14
4003,2
4004,1
4005,13
4006,4
4007,12
4008,18
4009,6
4010,3
4011,11
4012,14
4013,19
4014,3
4015,14
4016,0
4017,12
4018,15
4019,9
4020,13
4021,6
4022,19
4023,21
4024,3
4025,2
4026,6
4027,2
4028,6
4029,13
4030,19
4031,5
4032,3
4033,14
4034,0
4035,1
4036,2
4037,1
4038,13
4039,2
4040,8
4041,3
4042,9
4043,15
4044,13
4045,6
4046,9
4047,6
4048,10
4049,1
4050,7
4051,1
4052,8
4053,12
4054,13
4055,9
4056,0
4057,12
4058,5
4059,6
4060,13
4061,0
4062,13
4063,11
4064,10
4065,19
4066,15
4067,1
4068,4
4069,16
4070,14
4071,16
4072,2
4073,5
4074,7
4075,5
4076,11
4077,3
4078,3
4079,12
4080,0
4081,0
4082,2
4083,3
4084,3
4085,10
4086,2
4087,2
4088,9
4089,15
4090,1
4091,3
4092,6
4093,2
4094,6
4095,0
4096,11
4097,1
4098,18
4099,13
4100,1
4101,15
4102,1
4103,8
4104,1
4105,1
4106,2
4107,8
4108,7
4109,15
4110,3
4111,7
4112,6
4113,6
4114,7
4115,14
4116,2
4117,7
4118,11
4119,0
4120,7
4121,15
4122,1
4123,13
4124,5
4125,6
4126,12
4127,6
4128,3
4129,17
4130,3
4131,15
4132,5
4133,12
4134,7
4135,6
4136,1
4137,10
4138,6
4139,7
4140,7
4141,6
4142,7
4143,3
4144,14
4145,10
4146,0
4147,7
4148,7
4149,1
4150,14
4151,5
4152,6
4153,6
4154,7
4155,19
4156,4
4157,18
4158,15
4159,11
4160,18
4161,4
4162,15
4163,5
4164,19
4165,7
4166,0
4167,19
4168,7
4169,7
4170,4
4171,7
4172,13
4173,3
4174,1
4175,12
4176,4
4177,7
4178,1
4179,7
4180,3
4181,14
4182,5
4183,18
4184,4
4185,2
4186,0
4187,2
4188,7
4189,13
4190,14
4191,7
4192,14
4193,15
4194,1
4195,7
4196,21
4197,0
4198,6
4199,14
4200,3
4201,0
4202,10
4203,10
4204,6
4205,15
4206,16
4207,13
4208,3
4209,5
4210,4
4211,2
4212,11
4213,3
4214,14
4215,0
4216,1
4217,7
4218,16
4219,6
4220,0
4221,14
4222,1
4223,1
4224,12
4225,1
4226,12
4227,5
4228,3
4229,11
4230,9
4231,6
4232,13
4233,1
4234,18
4235,14
4236,20
4237,15
4238,7
4239,11
4240,5
4241,1
4242,13
4243,2
4244,15
4245,1
4246,15
4247,0
4248,1
4249,0
4250,15
4251,13
4252,7
4253,0
4254,0
4255,15
4256,14
4257,6
4258,16
4259,4
4260,9
4261,0
4262,6
4263,1
4264,18
4265,3
4266,7
4267,0
4268,12
4269,6
4270,6
4271,7
4272,1
4273,6
4274,15
4275,14
4276,3
4277,2
4278,12
4279,15
4280,11
4281,2
4282,1
4283,11
4284,12
4285,13
4286,18
4287,0
4288,3
4289,3
4290,11
4291,1
4292,11
4293,19
4294,1
4295,2
4296,1
4297,18
4298,4
4299,6
4300,10
4301,7
4302,11
4303,6
4304,14
4305,4
4306,13
4307,1
4308,21
4309,12
4310,0
4311,14
4312,1
4313,21
4314,7
4315,3
4316,4
4317,3
4318,18
4319,7
4320,2
4321,4
4322,14
4323,3
4324,11
4325,14
4326,2
4327,7
4328,16
4329,1
4330,15
4331,1
4332,0
4333,6
4334,18
4335,3
4336,15
4337,21
4338,15
4339,15
4340,8
4341,14
4342,3
4343,7
4344,5
4345,2
4346,16
4347,11
4348,10
4349,19
4350,0
4351,13
4352,11
4353,6
4354,17
4355,16
4356,11
4357,20
4358,13
4359,11
4360,10
4361,7
4362,14
4363,11
4364,14
4365,0
4366,7
4367,6
4368,4
4369,15
4370,15
4371,0
4372,3
4373,0
4374,9
4375,8
4376,13
4377,6
4378,15
4379,6
4380,14
4381,2
4382,11
4383,7
4384,6
4385,5
4386,14
4387,6
4388,13
4389,3
4390,0
4391,10
4392,10
4393,7
4394,0
4395,9
4396,9
4397,2
4398,7
4399,5
4400,5
4401,13
4402,19
4403,18
4404,0
4405,2
4406,7
4407,8
4408,10
4409,5
4410,13
4411,4
4412,6
4413,12
4414,1
4415,3
4416,7
4417,0
4418,1
4419,1
4420,4
4421,1
4422,7
4423,12
4424,11
4425,7
4426,15
4427,7
4428,0
4429,7
4430,6
4431,6
4432,5
4433,6
4434,6
4435,18
4436,1
4437,7
4438,15
4439,1
4440,0
4441,2
4442,13
4443,14
4444,0
4445,4
4446,0
4447,7
4448,14
4449,1
4450,1
4451,11
4452,5
4453,10
4454,14
4455,1
4456,5
4457,7
4458,14
4459,3
4460,11
4461,10
4462,15
4463,20
4464,15
4465,11
4466,6
4467,7
4468,11
4469,15
4470,7
4471,14
4472,10
4473,0
4474,3
4475,1
4476,7
4477,4
4478,1
4479,3
4480,14
4481,2
4482,10
4483,3
4484,13
4485,7
4486,9
4487,14
4488,2
4489,6
4490,1
4491,4
4492,1
4493,8
4494,6
4495,0
4496,21
4497,6
4498,11
4499,10
4500,15
4501,2
4502,1
4503,5
4504,19
4505,7
4506,1
4507,7
4508,6
4509,15
4510,5
4511,1
4512,0
4513,14
4514,12
4515,17
4516,3
4517,14
4518,7
4519,1
4520,10
4521,3
4522,0
4523,0
4524,6
4525,0
4526,1
4527,21
4528,10
4529,5
4530,0
4531,7
4532,3
4533,21
4534,19
4535,5
4536,2
4537,6
4538,0
4539,3
4540,6
4541,1
4542,5
4543,7
4544,12
4545,15
4546,7
4547,1
4548,11
4549,6
4550,8
4551,2
4552,1
4553,10
4554,14
4555,6
4556,3
4557,14
4558,20
4559,3
4560,5
4561,0
4562,7
4563,7
4564,7
4565,0
4566,7
4567,12
4568,1
4569,21
4570,9
4571,2
4572,1
4573,10
4574,3
4575,5
4576,18
4577,10
4578,14
4579,16
4580,21
4581,1
4582,0
4583,7
4584,3
4585,0
4586,11
4587,1
4588,3
4589,13
4590,5
4591,7
4592,7
4593,1
4594,15
4595,3
4596,18
4597,14
4598,2
4599,14
4600,6
4601,14
4602,3
4603,3
4604,3
4605,10
4606,12
4607,7
4608,0
4609,13
4610,0
4611,15
4612,1
4613,1
4614,2
4615,5
4616,1
4617,10
4618,1
4619,16
4620,15
4621,12
4622,14
4623,6
4624,2
4625,7
4626,1
4627,5
4628,7
4629,13
4630,17
4631,5
4632,19
4633,7
4634,15
4635,2
4636,4
4637,6
4638,14
4639,0
4640,1
4641,1
4642,0
4643,14
4644,7
4645,7
4646,20
4647,13
4648,5
4649,15
4650,13
4651,14
4652,14
4653,3
4654,12
4655,15
4656,18
4657,16
4658,13
4659,13
4660,3
4661,11
4662,4
4663,2
4664,6
4665,12
4666,8
4667,6
4668,5
4669,14
4670,14
4671,19
4672,7
4673,4
4674,1
4675,3
4676,0
4677,12
4678,1
4679,7
4680,3
4681,21
4682,5
4683,12
4684,10
4685,5
4686,2
4687,14
4688,1
4689,5
4690,1
4691,16
4692,1
4693,14
4694,1
4695,13
4696,0
4697,3
4698,19
4699,1
4700,6
4701,13
4702,12
4703,20
4704,7
4705,10
4706,4
4707,3
4708,1
4709,18
4710,19
4711,4
4712,14
4713,0
4714,15
4715,10
4716,11
4717,18
4718,11
4719,7
4720,6
4721,19
4722,14
4723,12
4724,12
4725,18
4726,5
4727,13
4728,6
4729,3
4730,3
4731,8
4732,0
4733,8
4734,0
4735,0
4736,0
4737,16
4738,3
4739,12
4740,7
4741,6
4742,6
4743,14
4744,0
4745,11
4746,9
4747,4
4748,14
4749,1
4750,3
4751,9
4752,0
4753,9
4754,9
4755,8
4756,12
4757,1
4758,12
4759,11
4760,1
4761,4
4762,7
4763,7
4764,19
4765,6
4766,1
4767,13
4768,6
4769,15
4770,15
4771,1
4772,1
4773,1
4774,12
4775,2
4776,9
4777,11
4778,2
4779,15
4780,14
4781,18
4782,1
4783,3
4784,2
4785,3
4786,1
4787,12
4788,3
4789,5
4790,14
4791,1
4792,10
4793,2
4794,1
4795,6
4796,7
4797,12
4798,8
4799,5
4800,20
4801,13
4802,18
4803,14
4804,6
4805,15
4806,16
4807,14
4808,15
4809,7
4810,2
4811,16
4812,3
4813,20
4814,10
4815,2
4816,13
4817,3
4818,0
4819,7
4820,6
4821,15
4822,5
4823,4
4824,16
4825,5
4826,10
4827,5
4828,0
4829,7
4830,15
4831,1
4832,7
4833,3
4834,13
4835,10
4836,3
4837,14
4838,13
4839,3
4840,5
4841,11
4842,9
4843,0
4844,0
4845,11
4846,12
4847,4
4848,3
4849,12
4850,19
4851,9
4852,0
4853,4
4854,6
4855,9
4856,3
4857,7
4858,3
4859,14
4860,6
4861,1
4862,2
4863,0
4864,9
4865,0
4866,3
4867,18
4868,0
4869,5
4870,18
4871,1
4872,13
4873,6
4874,4
4875,14
4876,12
4877,1
4878,15
4879,10
4880,0
4881,3
4882,7
4883,16
4884,18
4885,3
4886,14
4887,0
4888,9
4889,16
4890,15
4891,20
4892,6
4893,5
4894,6
4895,13
4896,2
4897,7
4898,7
4899,16
4900,10
4901,14
4902,16
4903,6
4904,1
4905,7
4906,5
4907,0
4908,8
4909,5
4910,1
4911,19
4912,16
4913,2
4914,1
4915,1
4916,5
4917,10
4918,2
4919,14
4920,15
4921,6
4922,0
4923,13
4924,11
4925,7
4926,6
4927,11
4928,17
4929,12
4930,5
4931,17
4932,14
4933,5
4934,9
4935,13
4936,21
4937,3
4938,7
4939,10
4940,13
4941,5
4942,13
4943,2
4944,11
4945,10
4946,5
4947,7
4948,12
4949,20
4950,15
4951,17
4952,6
4953,1
4954,18
4955,7
4956,15
4957,14
4958,11
4959,5
4960,16
4961,7
4962,1
4963,1
4964,11
4965,7
4966,19
4967,2
4968,19
4969,15
4970,10
4971,11
4972,6
4973,2
4974,3
4975,5
4976,8
4977,0
4978,14
4979,14
4980,11
4981,21
4982,2
4983,9
4984,11
4985,5
4986,10
4987,6
4988,9
4989,1
4990,3
4991,14
4992,6
4993,20
4994,8
4995,7
4996,1
4997,0
4998,2
4999,14
5000,4
5001,9
5002,0
5003,1
5004,0
5005,7
5006,16
5007,11
5008,1
5009,15
5010,1
5011,13
5012,15
5013,2
5014,12
5015,6
5016,1
5017,14
5018,5
5019,3
5020,11
5021,3
5022,1
5023,4
5024,5
5025,9
5026,7
5027,9
5028,5
5029,0
5030,0
5031,4
5032,6
5033,1
5034,4
5035,14
5036,6
5037,2
5038,14
5039,13
5040,6
5041,10
5042,3
5043,19
5044,0
5045,3
5046,6
5047,5
5048,9
5049,7
5050,7
5051,1
5052,7
5053,0
5054,4
5055,3
5056,7
5057,16
5058,6
5059,10
5060,12
5061,11
5062,5
5063,3
5064,2
5065,15
5066,16
5067,2
5068,7
5069,15
5070,20
5071,10
5072,2
5073,0
5074,0
5075,15
5076,1
5077,14
5078,15
5079,6
5080,18
5081,0
5082,0
5083,6
5084,0
5085,2
5086,0
5087,1
5088,1
5089,1
5090,21
5091,8
5092,13
5093,6
5094,1
5095,10
5096,7
5097,6
5098,2
5099,5
5100,3
5101,6
5102,12
5103,5
5104,3
5105,15
5106,14
5107,7
5108,1
5109,3
5110,6
5111,17
5112,3
5113,7
5114,11
5115,3
5116,13
5117,1
5118,0
5119,18
5120,1
5121,8
5122,10
5123,17
5124,6
5125,17
5126,2
5127,5
5128,0
5129,11
5130,6
5131,11
5132,0
5133,10
5134,7
5135,13
5136,5
5137,16
5138,2
5139,1
5140,5
5141,7
5142,11
5143,7
5144,8
5145,0
5146,2
5147,0
5148,8
5149,3
5150,11
5151,0
5152,3
5153,3
5154,10
5155,5
5156,6
5157,0
5158,5
5159,13
5160,2
5161,0
5162,19
5163,0
5164,20
5165,7
5166,1
5167,14
5168,15
5169,14
5170,6
5171,12
5172,10
5173,6
5174,1
5175,5
5176,19
5177,2
5178,11
5179,1
5180,3
5181,7
5182,0
5183,3
5184,11
5185,2
5186,6
5187,9
5188,0
5189,19
5190,1
5191,7
5192,15
5193,7
5194,0
5195,6
5196,5
5197,5
5198,8
5199,19
5200,2
5201,13
5202,12
5203,6
5204,13
5205,18
5206,8
5207,7
5208,13
5209,2
5210,6
5211,13
5212,1
5213,6
5214,0
5215,12
5216,5
5217,15
5218,3
5219,5
5220,12
5221,4
5222,7
5223,3
5224,5
5225,7
5226,7
5227,6
5228,21
5229,9
5230,5
5231,12
5232,0
5233,14
5234,0
5235,7
5236,12
5237,6
5238,14
5239,0
5240,3
5241,15
5242,0
5243,6
5244,2
5245,5
5246,16
5247,9
5248,7
5249,1
5250,5
5251,3
5252,1
5253,3
5254,6
5255,0
5256,16
5257,1
5258,1
5259,7
5260,0
5261,3
5262,14
5263,16
5264,14
5265,5
5266,11
5267,0
5268,11
5269,0
5270,2
5271,21
5272,7
5273,0
5274,7
5275,9
5276,15
5277,18
5278,7
5279,5
5280,7
5281,0
5282,16
5283,2
5284,1
5285,2
5286,15
5287,3
5288,5
5289,5
5290,13
5291,16
5292,3
5293,1
5294,13
5295,15
5296,15
5297,2
5298,14
5299,11
5300,6
5301,19
5302,7
5303,14
5304,7
5305,1
5306,3
5307,12
5308,12
5309,7
5310,16
5311,6
5312,0
5313,7
5314,6
5315,1
5316,2
5317,8
5318,19
5319,14
5320,2
5321,11
5322,2
5323,1
5324,11
5325,7
5326,5
5327,17
5328,8
5329,14
5330,10
5331,13
5332,0
5333,13
5334,14
5335,6
5336,13
5337,5
5338,10
5339,21
5340,5
5341,0
5342,13
5343,11
5344,16
5345,7
5346,2
5347,4
5348,13
5349,6
5350,1
5351,1
5352,6
5353,1
5354,3
5355,7
5356,7
5357,5
5358,14
5359,19
5360,1
5361,8
5362,2
5363,18
5364,6
5365,11
5366,1
5367,14
5368,15
5369,2
5370,17
5371,1
5372,15
5373,13
5374,12
5375,12
5376,15
5377,3
5378,2
5379,9
5380,2
5381,13
5382,0
5383,3
5384,6
5385,0
5386,19
5387,16
5388,6
5389,0
5390,18
5391,7
5392,18
5393,7
5394,1
5395,19
5396,16
5397,21
5398,12
5399,14
5400,14
5401,8
5402,5
5403,2
5404,13
5405,15
5406,1
5407,13
5408,6
5409,12
5410,14
5411,5
5412,14
5413,16
5414,17
5415,8
5416,18
5417,1
5418,1
5419,1
5420,8
5421,7
5422,16
5423,3
5424,6
5425,13
5426,10
5427,6
5428,14
5429,15
5430,13
5431,7
5432,5
5433,1
5434,6
5435,6
5436,14
5437,16
5438,3
5439,5
5440,12
5441,8
5442,13
5443,15
5444,14
5445,6
5446,9
5447,7
5448,2
5449,9
5450,1
5451,0
5452,7
5453,2
5454,2
5455,15
5456,1
5457,0
5458,19
5459,5
5460,11
5461,19
5462,15
5463,5
5464,0
5465,16
5466,19
5467,11
5468,7
5469,5
5470,15
5471,12
5472,11
5473,0
5474,5
5475,5
5476,9
5477,17
5478,2
5479,16
5480,9
5481,14
5482,15
5483,8
5484,2
5485,8
5486,2
5487,3
5488,14
5489,11
5490,4
5491,5
5492,5
5493,7
5494,7
5495,13
5496,0
5497,19
5498,16
5499,16
5500,8
5501,13
5502,12
5503,14
5504,17
5505,14
5506,19
5507,2
5508,3
5509,5
5510,0
5511,14
5512,14
5513,7
5514,1
5515,9
5516,7
5517,1
5518,2
5519,5
5520,18
5521,0
5522,1
5523,9
5524,6
5525,5
5526,17
5527,2
5528,10
5529,13
5530,2
5531,16
5532,6
5533,20
5534,3
5535,18
5536,0
5537,20
5538,7
5539,1
5540,14
5541,7
5542,19
5543,7
5544,6
5545,6
5546,12
5547,8
5548,0
5549,0
5550,1
5551,1
5552,5
5553,7
5554,3
5555,5
5556,1
5557,1
5558,13
5559,9
5560,19
5561,6
5562,5
5563,6
5564,14
5565,3
5566,5
5567,14
5568,2
5569,12
5570,8
5571,18
5572,4
5573,0
5574,4
5575,0
5576,14
5577,11
5578,5
5579,6
5580,3
5581,3
5582,0
5583,2
5584,4
5585,11
5586,14
5587,0
5588,3
5589,0
5590,0
5591,6
5592,6
5593,13
5594,6
5595,14
5596,21
5597,13
5598,14
5599,0
5600,13
5601,16
5602,15
5603,7
5604,13
5605,11
5606,15
5607,19
5608,13
5609,3
5610,2
5611,2
5612,15
5613,3
5614,1
5615,2
5616,6
5617,1
5618,1
5619,19
5620,0
5621,7
5622,15
5623,6
5624,0
5625,10
5626,20
5627,9
5628,2
5629,7
5630,3
5631,14
5632,7
5633,14
5634,8
5635,17
5636,13
5637,11
5638,11
5639,0
5640,9
5641,5
5642,15
5643,7
5644,6
5645,15
5646,7
5647,14
5648,11
5649,2
5650,0
5651,2
5652,9
5653,6
5654,5
5655,13
5656,18
5657,15
5658,1
5659,7
5660,21
5661,13
5662,7
5663,1
5664,13
5665,3
5666,6
5667,16
5668,5
5669,0
5670,5
5671,6
5672,3
5673,6
5674,13
5675,18
5676,3
5677,13
5678,1
5679,15
5680,12
5681,12
5682,14
5683,3
5684,7
5685,7
5686,13
5687,15
5688,1
5689,12
5690,16
5691,14
5692,6
5693,5
5694,7
5695,2
5696,7
5697,0
5698,11
5699,5
5700,13
5701,1
5702,14
5703,5
5704,12
5705,0
5706,15
5707,13
5708,6
5709,9
5710,1
5711,14
5712,19
5713,1
5714,1
5715,11
5716,2
5717,7
5718,7
5719,5
5720,1
5721,3
5722,9
5723,1
5724,14
5725,14
5726,0
5727,20
5728,0
5729,15
5730,19
5731,5
5732,1
5733,3
5734,1
5735,1
5736,21
5737,2
5738,7
5739,8
5740,19
5741,7
5742,4
5743,5
5744,6
5745,12
5746,20
5747,12
5748,0
5749,0
5750,14
5751,13
5752,5
5753,2
5754,8
5755,5
5756,21
5757,17
5758,11
5759,19
5760,3
5761,1
5762,7
5763,7
5764,3
5765,21
5766,10
5767,7
5768,17
5769,1
5770,9
5771,3
5772,7
5773,6
5774,7
5775,7
5776,11
5777,5
5778,1
5779,6
5780,7
5781,6
5782,5
5783,11
5784,1
5785,2
5786,15
5787,5
5788,1
5789,0
5790,7
5791,8
5792,18
5793,12
5794,0
5795,6
5796,1
5797,16
5798,1
5799,2
5800,15
5801,6
5802,5
5803,14
5804,12
5805,10
5806,11
5807,3
5808,13
5809,10
5810,14
5811,1
5812,14
5813,2
5814,5
5815,3
5816,13
5817,1
5818,1
5819,21
5820,10
5821,7
5822,3
5823,7
5824,3
5825,6
5826,9
5827,6
5828,0
5829,7
5830,7
5831,8
5832,10
5833,20
5834,12
5835,11
5836,12
5837,14
5838,11
5839,3
5840,1
5841,10
5842,17
5843,3
5844,1
5845,9
5846,3
5847,12
5848,5
5849,14
5850,3
5851,6
5852,21
5853,5
5854,5
5855,0
5856,12
5857,14
5858,13
5859,11
5860,4
5861,12
5862,19
5863,0
5864,9
5865,1
5866,7
5867,7
5868,19
5869,3
5870,0
5871,1
5872,0
5873,13
5874,19
5875,6
5876,13
5877,15
5878,3
5879,15
5880,7
5881,0
5882,0
5883,12
5884,15
5885,9
5886,7
5887,3
5888,7
5889,1
5890,5
5891,4
5892,3
5893,13
5894,4
5895,15
5896,19
5897,3
5898,5
5899,5
5900,0
5901,7
5902,5
5903,1
5904,1
5905,5
5906,8
5907,1
5908,2
5909,7
5910,1
5911,7
5912,7
5913,4
5914,2
5915,11
5916,14
5917,6
5918,3
5919,7
5920,2
5921,17
5922,1
5923,0
5924,3
5925,7
5926,17
5927,1
5928,11
5929,7
5930,9
5931,15
5932,11
5933,7
5934,6
5935,13
5936,16
5937,7
5938,5
5939,14
5940,3
5941,16
5942,7
5943,0
5944,7
5945,20
5946,2
5947,0
5948,13
5949,19
5950,13
5951,12
5952,1
5953,13
5954,6
5955,21
5956,15
5957,12
5958,7
5959,3
5960,11
5961,5
5962,0
5963,19
5964,8
5965,21
5966,11
5967,5
5968,13
5969,18
5970,5
5971,2
5972,1
5973,9
5974,0
5975,11
5976,13
5977,0
5978,1
5979,18
5980,14
5981,3
5982,0
5983,7
5984,7
5985,13
5986,10
5987,3
5988,7
5989,12
5990,2
5991,2
5992,7
5993,11
5994,2
5995,19
5996,4
5997,2
5998,3
5999,15
6000,15
6001,2
6002,0
6003,11
6004,0
6005,19
6006,7
6007,12
6008,14
6009,1
6010,11
6011,2
6012,15
6013,6
6014,3
6015,7
6016,11
6017,3
6018,13
6019,12
6020,7
6021,6
6022,7
6023,3
6024,13
6025,19
6026,7
6027,2
6028,15
6029,0
6030,12
6031,7
6032,21
6033,15
6034,1
6035,0
6036,14
6037,1
6038,0
6039,0
6040,5
6041,1
6042,7
6043,5
6044,2
6045,12
6046,13
6047,1
6048,4
6049,1
6050,18
6051,21
6052,7
6053,0
6054,0
6055,1
6056,21
6057,3
6058,7
6059,0
6060,10
6061,7
6062,10
6063,15
6064,9
6065,13
6066,6
6067,5
6068,6
6069,12
6070,0
6071,19
6072,3
6073,3
6074,5
6075,12
6076,1
6077,2
6078,6
6079,5
6080,6
6081,5
6082,7
6083,11
6084,5
6085,7
6086,0
6087,11
6088,3
6089,16
6090,10
6091,8
6092,3
6093,15
6094,12
6095,12
6096,3
6097,7
6098,2
6099,11
6100,6
6101,2
6102,6
6103,1
6104,13
6105,13
6106,6
6107,2
6108,7
6109,13
6110,7
6111,2
6112,7
6113,2
6114,10
6115,12
6116,8
6117,7
6118,5
6119,7
6120,5
6121,7
6122,4
6123,13
6124,11
6125,0
6126,10
6127,15
6128,6
6129,18
6130,7
6131,17
6132,3
6133,12
6134,16
6135,15
6136,13
6137,10
6138,15
6139,5
6140,11
6141,5
6142,4
6143,15
6144,6
6145,7
6146,7
6147,7
6148,14
6149,13
6150,6
6151,21
6152,15
6153,12
6154,7
6155,10
6156,10
6157,5
6158,3
6159,11
6160,19
6161,0
6162,17
6163,20
6164,13
6165,12
6166,9
6167,3
6168,17
6169,3
6170,7
6171,0
6172,7
6173,14
6174,2
6175,7
6176,19
6177,7
6178,8
6179,12
6180,15
6181,3
6182,5
6183,4
6184,12
6185,6
6186,13
6187,8
6188,0
6189,5
6190,10
6191,15
6192,10
6193,7
6194,12
6195,1
6196,8
6197,21
6198,14
6199,7
6200,1
6201,7
6202,4
6203,2
6204,6
6205,1
6206,13
6207,6
6208,14
6209,3
6210,19
6211,11
6212,12
6213,3
6214,14
6215,1
6216,0
6217,1
6218,15
6219,6
6220,2
6221,2
6222,5
6223,14
6224,0
6225,19
6226,1
6227,2
6228,18
6229,7
6230,0
6231,5
6232,0
6233,13
6234,15
6235,6
6236,12
6237,11
6238,6
6239,6
6240,4
6241,1
6242,7
6243,21
6244,3
6245,3
6246,18
6247,8
6248,13
6249,14
6250,2
6251,5
6252,1
6253,14
6254,15
6255,2
6256,20
6257,15
6258,14
6259,12
6260,1
6261,14
6262,10
6263,7
6264,7
6265,15
6266,3
6267,16
6268,2
6269,21
6270,15
6271,0
6272,7
6273,5
6274,1
6275,15
6276,16
6277,2
6278,5
6279,18
6280,18
6281,11
6282,0
6283,11
6284,6
6285,9
6286,5
6287,7
6288,0
6289,7
6290,6
6291,7
6292,16
6293,5
6294,11
6295,14
6296,5
6297,6
6298,5
6299,14
6300,6
6301,2
6302,3
6303,19
6304,13
6305,2
6306,3
6307,0
6308,5
6309,0
6310,5
6311,13
6312,1
6313,1
6314,3
6315,6
6316,18
6317,10
6318,15
6319,11
6320,7
6321,0
6322,3
6323,12
6324,19
6325,16
6326,6
6327,4
6328,5
6329,9
6330,9
6331,18
6332,0
6333,3
6334,3
6335,11
6336,14
6337,11
6338,7
6339,3
6340,13
6341,7
6342,18
6343,13
6344,13
6345,2
6346,14
6347,10
6348,3
6349,15
6350,7
6351,10
6352,20
6353,19
6354,7
6355,12
6356,5
6357,2
6358,1
6359,16
6360,7
6361,1
6362,5
6363,5
6364,16
6365,0
6366,6
6367,11
6368,7
6369,6
6370,6
6371,18
6372,7
6373,6
6374,5
6375,13
6376,11
6377,15
6378,3
6379,6
6380,11
6381,5
6382,16
6383,2
6384,7
6385,2
6386,13
6387,7
6388,12
6389,11
6390,11
6391,15
6392,18
6393,1
6394,9
6395,5
6396,6
6397,0
6398,2
6399,3
6400,4
6401,7
6402,7
6403,2
6404,7
6405,15
6406,21
6407,1
6408,2
6409,6
6410,18
6411,2
6412,7
6413,12
6414,3
6415,15
6416,2
6417,16
6418,11
6419,7
6420,0
6421,0
6422,13
6423,3
6424,5
6425,1
6426,10
6427,2
6428,7
6429,11
6430,6
6431,15
6432,12
6433,8
6434,12
6435,15
6436,0
6437,7
6438,13
6439,2
6440,20
6441,7
6442,8
6443,4
6444,2
6445,6
6446,0
6447,10
6448,3
6449,15
6450,8
6451,9
6452,5
6453,0
6454,11
6455,6
6456,18
6457,9
6458,7
6459,2
6460,3
6461,7
6462,5
6463,13
6464,6
6465,6
6466,7
6467,13
6468,4
6469,13
6470,12
6471,13
6472,7
6473,15
6474,7
6475,4
6476,8
6477,10
6478,15
6479,0
6480,17
6481,11
6482,15
6483,8
6484,19
6485,11
6486,14
6487,14
6488,6
6489,2
6490,1
6491,10
6492,18
6493,14
6494,14
6495,16
6496,4
6497,5
6498,6
6499,12
6500,18
6501,1
6502,11
6503,14
6504,11
6505,1
6506,0
6507,1
6508,0
6509,7
6510,4
6511,2
6512,1
6513,0
6514,14
6515,16
6516,6
6517,2
6518,4
6519,10
6520,3
6521,20
6522,19
6523,14
6524,0
6525,20
6526,7
6527,1
6528,13
6529,6
6530,1
6531,13
6532,15
6533,1
6534,7
6535,7
6536,2
6537,0
6538,19
6539,11
6540,1
6541,0
6542,3
6543,15
6544,3
6545,21
6546,18
6547,6
6548,15
6549,20
6550,6
6551,8
6552,19
6553,15
6554,6
6555,15
6556,0
6557,19
6558,3
6559,7
6560,4
6561,7
6562,11
6563,5
6564,13
6565,5
6566,2
6567,6
6568,2
6569,1
6570,2
6571,8
6572,7
6573,11
6574,4
6575,1
6576,0
6577,7
6578,11
6579,6
6580,5
6581,14
6582,14
6583,6
6584,5
6585,9
6586,2
6587,5
6588,4
6589,7
6590,11
6591,15
6592,6
6593,0
6594,18
6595,2
6596,4
6597,5
6598,4
6599,2
6600,10
6601,11
6602,0
6603,0
6604,15
6605,18
6606,5
6607,2
6608,15
6609,0
6610,4
6611,15
6612,4
6613,0
6614,3
6615,17
6616,16
6617,7
6618,12
6619,7
6620,7
6621,9
6622,0
6623,21
6624,13
6625,2
6626,7
6627,2
6628,5
6629,6
6630,14
6631,13
6632,12
6633,3
6634,1
6635,14
6636,13
6637,2
6638,7
6639,7
6640,0
6641,1
6642,8
6643,6
6644,7
6645,6
6646,2
6647,7
6648,0
6649,13
6650,7
6651,3
6652,14
6653,18
6654,3
6655,3
6656,1
6657,11
6658,0
6659,13
6660,7
6661,13
6662,0
6663,6
6664,1
6665,16
6666,5
6667,11
6668,7
6669,5
6670,9
6671,15
6672,7
6673,19
6674,2
6675,13
6676,13
6677,18
6678,6
6679,6
6680,7
6681,9
6682,7
6683,18
6684,7
6685,14
6686,0
6687,3
6688,18
6689,12
6690,1
6691,20
6692,5
6693,2
6694,12
6695,7
6696,5
6697,0
6698,5
6699,2
6700,2
6701,7
6702,7
6703,13
6704,5
6705,11
6706,1
6707,15
6708,14
6709,1
6710,15
6711,15
6712,14
6713,0
6714,1
6715,11
6716,2
6717,20
6718,9
6719,1
6720,6
6721,7
6722,13
6723,6
6724,14
6725,16
6726,14
6727,7
6728,20
6729,6
6730,16
6731,8
6732,0
6733,9
6734,13
6735,0
6736,8
6737,2
6738,9
6739,7
6740,10
6741,13
6742,12
6743,2
6744,13
6745,1
6746,15
6747,14
6748,16
6749,10
6750,12
6751,4
6752,3
6753,0
6754,11
6755,3
6756,15
6757,1
6758,11
6759,7
6760,11
6761,21
6762,14
6763,6
6764,13
6765,18
6766,2
6767,6
6768,7
6769,18
6770,3
6771,20
6772,5
6773,8
6774,2
6775,13
6776,1
6777,7
6778,6
6779,6
6780,1
6781,6
6782,15
6783,2
6784,6
6785,4
6786,1
6787,1
6788,2
6789,4
6790,16
6791,3
6792,6
6793,0
6794,3
6795,1
6796,0
6797,13
6798,1
6799,7
6800,7
6801,7
6802,15
6803,1
6804,19
6805,6
6806,15
6807,3
6808,2
6809,12
6810,7
6811,2
6812,21
6813,6
6814,12
6815,14
6816,4
6817,13
6818,3
6819,11
6820,17
6821,5
6822,6
6823,2
6824,0
6825,9
6826,1
6827,7
6828,7
6829,1
6830,9
6831,13
6832,12
6833,3
6834,7
6835,3
6836,0
6837,2
6838,9
6839,12
6840,2
6841,7
6842,10
6843,6
6844,5
6845,21
6846,1
6847,16
6848,15
6849,1
6850,14
6851,0
6852,11
6853,5
6854,0
6855,2
6856,21
6857,8
6858,10
6859,7
6860,7
6861,13
6862,16
6863,19
6864,0
6865,14
6866,16
6867,12
6868,0
6869,2
6870,21
6871,1
6872,5
6873,13
6874,13
6875,13
6876,5
6877,4
6878,13
6879,13
6880,0
6881,11
6882,14
6883,5
6884,16
6885,12
6886,14
6887,4
6888,14
6889,9
6890,18
6891,1
6892,10
6893,6
6894,12
6895,20
6896,12
6897,13
6898,7
6899,12
6900,5
6901,9
6902,0
6903,2
6904,2
6905,15
6906,3
6907,11
6908,5
6909,9
6910,6
6911,0
6912,14
6913,16
6914,6
6915,3
6916,12
6917,10
6918,9
6919,16
6920,4
6921,13
6922,1
6923,4
6924,15
6925,12
6926,4
6927,7
6928,5
6929,21
6930,3
6931,2
6932,0
6933,10
6934,14
6935,13
6936,13
6937,6
6938,5
6939,3
6940,1
6941,19
6942,3
6943,17
6944,12
6945,3
6946,0
6947,12
6948,1
6949,13
6950,0
6951,15
6952,21
6953,5
6954,0
6955,11
6956,9
6957,1
6958,19
6959,14
6960,1
6961,5
6962,7
6963,13
6964,5
6965,1
6966,14
6967,0
6968,6
6969,10
6970,9
6971,19
6972,11
6973,7
6974,2
6975,3
6976,11
6977,1
6978,13
6979,15
6980,5
6981,2
6982,0
6983,16
6984,15
6985,15
6986,0
6987,12
6988,20
6989,5
6990,12
6991,16
6992,0
6993,13
6994,6
6995,5
6996,14
6997,7
6998,0
6999,18
7000,19
7001,1
7002,3
7003,12
7004,5
7005,1
7006,11
7007,0
7008,15
7009,1
7010,19
7011,17
7012,14
7013,15
7014,7
7015,14
7016,17
7017,11
7018,4
7019,1
7020,9
7021,1
7022,15
7023,9
7024,7
7025,5
7026,18
7027,13
7028,0
7029,7
7030,14
7031,18
7032,11
7033,11
7034,19
7035,11
7036,1
7037,2
7038,10
7039,18
7040,11
7041,1
7042,11
7043,11
7044,0
7045,1
7046,14
7047,11
7048,4
7049,12
7050,1
7051,11
7052,20
7053,13
7054,15
7055,7
7056,15
7057,6
7058,5
7059,6
7060,11
7061,2
7062,8
7063,7
7064,15
7065,20
7066,0
7067,12
7068,7
7069,2
7070,0
7071,15
7072,15
7073,8
7074,3
7075,15
7076,14
7077,15
7078,7
7079,7
7080,1
7081,15
7082,3
7083,14
7084,0
7085,15
7086,15
7087,11
7088,14
7089,20
7090,13
7091,10
7092,13
7093,21
7094,3
7095,15
7096,1
7097,7
7098,7
7099,18
7100,7
7101,7
7102,11
7103,12
7104,15
7105,10
7106,18
7107,2
7108,18
7109,1
7110,2
7111,15
7112,1
7113,19
7114,1
7115,1
7116,5
7117,9
7118,7
7119,3
7120,0
7121,3
7122,2
7123,21
7124,6
7125,7
7126,15
7127,0
7128,0
7129,10
7130,6
7131,6
7132,0
7133,5
7134,10
7135,6
7136,18
7137,7
7138,6
7139,15
7140,4
7141,1
7142,11
7143,3
7144,5
7145,3
7146,4
7147,6
7148,15
7149,16
7150,19
7151,21
7152,7
7153,3
7154,5
7155,3
7156,20
7157,15
7158,8
7159,4
7160,15
7161,0
7162,1
7163,0
7164,0
7165,6
7166,12
7167,7
7168,0
7169,1
7170,1
7171,17
7172,7
7173,10
7174,6
7175,6
7176,3
7177,0
7178,14
7179,2
7180,7
7181,0
7182,15
7183,19
7184,14
7185,5
7186,7
7187,20
7188,14
7189,6
7190,15
7191,15
7192,12
7193,0
7194,14
7195,6
7196,16
7197,2
7198,7
7199,2
7200,2
7201,6
7202,11
7203,0
7204,0
7205,7
7206,6
7207,6
7208,6
7209,0
7210,1
7211,1
7212,11
7213,3
7214,6
7215,15
7216,15
7217,1
7218,15
7219,13
7220,18
7221,2
7222,15
7223,14
7224,1
7225,16
7226,3
7227,15
7228,12
7229,3
7230,19
7231,14
7232,5
7233,15
7234,1
7235,2
7236,13
7237,13
7238,7
7239,6
7240,3
7241,0
7242,3
7243,18
7244,6
7245,5
7246,21
7247,9
7248,11
7249,11
7250,0
7251,17
7252,0
7253,1
7254,15
7255,15
7256,2
7257,14
7258,5
7259,11
7260,13
7261,14
7262,1
7263,1
7264,14
7265,14
7266,5
7267,6
7268,19
7269,5
7270,3
7271,5
7272,10
7273,2
7274,9
7275,20
7276,16
7277,0
7278,2
7279,14
7280,0
7281,7
7282,2
7283,10
7284,14
7285,13
7286,15
7287,12
7288,3
7289,0
7290,5
7291,5
7292,14
7293,3
7294,1
7295,5
7296,6
7297,13
7298,16
7299,13
7300,0
7301,19
7302,1
7303,0
7304,6
7305,15
7306,13
7307,14
7308,1
7309,16
7310,3
7311,4
7312,2
7313,10
7314,7
7315,16
7316,6
7317,3
7318,7
7319,3
7320,5
7321,19
7322,18
7323,2
7324,9
7325,7
7326,3
7327,0
7328,1
7329,12
7330,1
7331,7
7332,0
7333,7
7334,1
7335,7
7336,8
7337,14
7338,18
7339,5
7340,10
7341,18
7342,7
7343,2
7344,6
7345,14
7346,2
7347,2
7348,3
7349,2
7350,19
7351,20
7352,9
7353,1
7354,12
7355,11
7356,17
7357,0
7358,1
7359,14
7360,0
7361,7
7362,0
7363,15
7364,0
7365,2
7366,6
7367,14
7368,5
7369,1
7370,14
7371,10
7372,3
7373,2
7374,6
7375,6
7376,13
7377,7
7378,10
7379,5
7380,5
7381,18
7382,0
7383,6
7384,21
7385,4
7386,7
7387,7
7388,7
7389,0
7390,3
7391,8
7392,3
7393,7
7394,5
7395,5
7396,10
7397,7
7398,16
7399,6
7400,1
7401,13
7402,1
7403,6
7404,0
7405,4
7406,6
7407,16
7408,7
7409,0
7410,3
7411,10
7412,2
7413,5
7414,0
7415,11
7416,3
7417,1
7418,0
7419,19
7420,2
7421,6
7422,0
7423,7
7424,3
7425,18
7426,19
7427,7
7428,5
7429,7
7430,0
7431,7
7432,19
7433,3
7434,13
7435,2
7436,11
7437,2
7438,6
7439,19
7440,8
7441,1
7442,0
7443,5
7444,13
7445,0
7446,7
7447,3
7448,1
7449,0
7450,0
7451,14
7452,20
7453,12
7454,16
7455,7
7456,3
7457,16
7458,19
7459,3
7460,6
7461,14
7462,5
7463,1
7464,0
7465,8
7466,17
7467,21
7468,5
7469,3
7470,14
7471,15
7472,12
7473,10
7474,2
7475,1
7476,5
7477,16
7478,4
7479,7
7480,6
7481,2
7482,10
7483,0
7484,11
7485,14
7486,18
7487,7
7488,4
7489,1
7490,0
7491,16
7492,12
7493,14
7494,6
7495,1
7496,13
7497,15
7498,6
7499,19
7500,0
7501,21
7502,7
7503,0
7504,13
7505,19
7506,2
7507,3
7508,18
7509,11
7510,0
7511,3
7512,6
7513,19
7514,4
7515,9
7516,7
7517,19
7518,3
7519,2
7520,14
7521,15
7522,0
7523,11
7524,13
7525,5
7526,5
7527,9
7528,13
7529,1
7530,7
7531,12
7532,1
7533,5
7534,2
7535,11
7536,13
7537,16
7538,2
7539,11
7540,0
7541,1
7542,0
7543,19
7544,10
7545,2
7546,3
7547,8
7548,7
7549,6
7550,1
7551,12
7552,0
7553,1
7554,1
7555,14
7556,10
7557,12
7558,10
7559,1
7560,3
7561,5
7562,19
7563,6
7564,15
7565,3
7566,7
7567,6
7568,1
7569,13
7570,7
7571,0
7572,6
7573,15
7574,3
7575,6
7576,1
7577,2
7578,1
7579,0
7580,3
7581,18
7582,13
7583,2
7584,1
7585,2
7586,10
7587,21
7588,18
7589,3
7590,19
7591,1
7592,0
7593,1
7594,5
7595,16
7596,2
7597,0
7598,12
7599,14
7600,2
7601,5
7602,6
7603,7
7604,2
7605,16
7606,15
7607,7
7608,3
7609,13
7610,15
7611,5
7612,3
7613,0
7614,11
7615,12
7616,14
7617,0
7618,0
7619,4
7620,1
7621,20
7622,11
7623,1
7624,5
7625,6
7626,18
7627,7
7628,0
7629,5
7630,0
7631,10
7632,2
7633,7
7634,2
7635,2
7636,15
7637,11
7638,5
7639,5
7640,0
7641,19
7642,7
7643,12
7644,14
7645,17
7646,10
7647,14
7648,10
7649,7
7650,1
7651,13
7652,3
7653,14
7654,3
7655,13
7656,14
7657,7
7658,20
7659,7
7660,13
7661,13
7662,13
7663,4
7664,11
7665,2
7666,14
7667,7
7668,6
7669,0
7670,15
7671,7
7672,11
7673,13
7674,12
7675,3
7676,6
7677,6
7678,15
7679,7
7680,1
7681,11
7682,1
7683,9
7684,14
7685,5
7686,13
7687,7
7688,17
7689,5
7690,5
7691,6
7692,7
7693,5
7694,0
7695,15
7696,1
7697,4
7698,1
7699,13
7700,1
7701,6
7702,5
7703,0
7704,14
7705,0
7706,12
7707,21
7708,12
7709,1
7710,15
7711,6
7712,3
7713,14
7714,10
7715,1
7716,13
7717,14
7718,4
7719,11
7720,7
7721,0
7722,14
7723,12
7724,7
7725,5
7726,14
7727,0
7728,1
7729,12
7730,4
7731,16
7732,6
7733,4
7734,6
7735,0
7736,13
7737,0
7738,0
7739,2
7740,0
7741,0
7742,13
7743,13
7744,7
7745,15
7746,1
7747,12
7748,6
7749,15
7750,21
7751,5
7752,13
7753,10
7754,14
7755,5
7756,11
7757,5
7758,6
7759,1
7760,3
7761,18
7762,12
7763,0
7764,3
7765,1
7766,4
7767,4
7768,1
7769,19
7770,2
7771,0
7772,20
7773,7
7774,1
7775,7
7776,15
7777,5
7778,7
7779,7
7780,0
7781,3
7782,2
7783,1
7784,14
7785,2
7786,1
7787,9
7788,5
7789,2
7790,1
7791,4
7792,0
7793,3
7794,3
7795,4
7796,7
7797,1
7798,1
7799,0
7800,2
7801,12
7802,7
7803,10
7804,3
7805,2
7806,5
7807,7
7808,13
7809,2
7810,15
7811,6
7812,1
7813,7
7814,7
7815,7
7816,0
7817,0
7818,3
7819,6
7820,1
7821,12
7822,3
7823,5
7824,12
7825,18
7826,7
7827,7
7828,5
7829,7
7830,5
7831,2
7832,16
7833,1
7834,7
7835,15
7836,15
7837,1
7838,6
7839,0
7840,19
7841,11
7842,6
7843,2
7844,6
7845,3
7846,12
7847,19
7848,16
7849,15
7850,4
7851,0
7852,7
7853,0
7854,15
7855,0
7856,12
7857,1
7858,5
7859,3
7860,11
7861,0
7862,1
7863,3
7864,0
7865,5
7866,14
7867,13
7868,1
7869,0
7870,20
7871,6
7872,1
7873,10
7874,5
7875,14
7876,12
7877,5
7878,6
7879,5
7880,1
7881,13
7882,0
7883,2
7884,6
7885,20
7886,21
7887,15
7888,8
7889,6
7890,14
7891,6
7892,15
7893,2
7894,3
7895,15
7896,17
7897,16
7898,15
7899,7
7900,0
7901,10
7902,1
7903,6
7904,9
7905,18
7906,14
7907,7
7908,13
7909,3
7910,3
7911,13
7912,5
7913,13
7914,6
7915,0
7916,6
7917,14
7918,13
7919,2
7920,21
7921,11
7922,1
7923,19
7924,13
7925,8
7926,1
7927,3
7928,0
7929,10
7930,11
7931,7
7932,0
7933,13
7934,10
7935,0
7936,5
7937,12
7938,12
7939,5
7940,14
7941,11
7942,5
7943,1
7944,7
7945,9
7946,8
7947,11
7948,0
7949,9
7950,1
7951,0
7952,1
7953,14
7954,16
7955,16
7956,0
7957,9
7958,19
7959,13
7960,4
7961,14
7962,15
7963,16
7964,0
7965,19
7966,7
7967,0
7968,7
7969,11
7970,0
7971,20
7972,12
7973,3
7974,7
7975,2
7976,5
7977,14
7978,1
7979,4
7980,5
7981,15
7982,0
7983,5
7984,17
7985,7
7986,6
7987,6
7988,1
7989,0
7990,6
7991,0
7992,3
7993,12
7994,5
7995,1
7996,1
7997,5
7998,2
7999,6
8000,15
8001,11
8002,3
8003,7
8004,16
8005,21
8006,7
8007,12
8008,1
8009,14
8010,1
8011,16
8012,1
8013,7
8014,0
8015,11
8016,12
8017,17
8018,5
8019,3
8020,19
8021,18
8022,13
8023,5
8024,14
8025,2
8026,4
8027,17
8028,11
8029,21
8030,5
8031,6
8032,12
8033,15
8034,1
8035,16
8036,1
8037,0
8038,6
8039,7
8040,6
8041,2
8042,11
8043,11
8044,11
8045,10
8046,0
8047,8
8048,18
8049,9
8050,11
8051,16
8052,5
8053,14
8054,0
8055,6
8056,18
8057,0
8058,7
8059,14
8060,1
8061,21
8062,6
8063,5
8064,7
8065,12
8066,16
8067,8
8068,7
8069,20
8070,14
8071,6
8072,5
8073,13
8074,3
8075,13
8076,3
8077,13
8078,1
8079,5
8080,16
8081,1
8082,10
8083,21
8084,13
8085,12
8086,7
8087,11
8088,13
8089,6
8090,5
8091,4
8092,14
8093,3
8094,5
8095,11
8096,19
8097,6
8098,15
8099,4
8100,5
8101,19
8102,0
8103,11
8104,1
8105,0
8106,6
8107,15
8108,3
8109,7
8110,13
8111,0
8112,13
8113,1
8114,6
8115,15
8116,10
8117,5
8118,19
8119,13
8120,6
8121,2
8122,5
8123,3
8124,6
8125,2
8126,0
8127,5
8128,7
8129,11
8130,0
8131,10
8132,2
8133,2
8134,10
8135,6
8136,11
8137,7
8138,13
8139,0
8140,16
8141,7
8142,9
8143,3
8144,7
8145,14
8146,6
8147,10
8148,16
8149,13
8150,2
8151,10
8152,0
8153,1
8154,1
8155,0
8156,5
8157,3
8158,5
8159,10
8160,7
8161,15
8162,3
8163,3
8164,0
8165,15
8166,20
8167,2
8168,1
8169,15
8170,3
8171,13
8172,11
8173,1
8174,0
8175,2
8176,19
8177,12
8178,0
8179,1
8180,0
8181,1
8182,10
8183,9
8184,1
8185,11
8186,14
8187,4
8188,4
8189,7
8190,0
8191,6
8192,10
8193,7
8194,11
8195,7
8196,3
8197,6
8198,5
8199,5
8200,2
8201,18
8202,1
8203,14
8204,0
8205,1
8206,11
8207,14
8208,5
8209,12
8210,6
8211,3
8212,5
8213,0
8214,12
8215,20
8216,10
8217,1
8218,15
8219,3
8220,1
8221,2
8222,4
8223,1
8224,9
8225,3
8226,7
8227,5
8228,1
8229,18
8230,7
8231,16
8232,5
8233,4
8234,15
8235,17
8236,6
8237,16
8238,1
8239,0
8240,0
8241,3
8242,11
8243,0
8244,7
8245,8
8246,15
8247,21
8248,21
8249,1
8250,14
8251,1
8252,2
8253,0
8254,1
8255,7
8256,6
8257,12
8258,13
8259,12
8260,7
8261,7
8262,7
8263,0
8264,21
8265,5
8266,14
8267,7
8268,13
8269,0
8270,19
8271,1
8272,6
8273,18
8274,7
8275,10
8276,9
8277,5
8278,1
8279,3
8280,2
8281,7
8282,13
8283,15
8284,14
8285,5
8286,12
8287,13
8288,12
8289,6
8290,10
8291,14
8292,0
8293,7
8294,11
8295,13
8296,19
8297,3
8298,3
8299,1
8300,4
8301,18
8302,18
8303,6
8304,12
8305,10
8306,14
8307,5
8308,16
8309,16
8310,1
8311,5
8312,7
8313,14
8314,6
8315,1
8316,1
8317,13
8318,5
8319,2
8320,7
8321,16
8322,0
8323,16
8324,7
8325,1
8326,18
8327,19
8328,0
8329,12
8330,19
8331,20
8332,7
8333,3
8334,7
8335,3
8336,1
8337,1
8338,3
8339,3
8340,17
8341,7
8342,5
8343,17
8344,19
8345,6
8346,6
8347,7
8348,16
8349,18
8350,13
8351,16
8352,2
8353,11
8354,4
8355,15
8356,6
8357,7
8358,7
8359,7
8360,2
8361,14
8362,0
8363,7
8364,7
8365,19
8366,3
8367,8
8368,3
8369,0
8370,1
8371,16
8372,4
8373,14
8374,7
8375,10
8376,13
8377,6
8378,15
8379,11
8380,6
8381,0
8382,19
8383,16
8384,6
8385,18
8386,7
8387,3
8388,20
8389,0
8390,14
8391,4
8392,0
8393,1
8394,0
8395,8
8396,18
8397,13
8398,1
8399,4
8400,5
8401,7
8402,1
8403,12
8404,7
8405,15
8406,2
8407,1
8408,20
8409,1
8410,1
8411,0
8412,5
8413,13
8414,9
8415,7
8416,10
8417,15
8418,0
8419,7
8420,6
8421,21
8422,1
8423,1
8424,11
8425,1
8426,15
8427,8
8428,11
8429,1
8430,4
8431,11
8432,6
8433,12
8434,6
8435,0
8436,9
8437,6
8438,2
8439,14
8440,17
8441,21
8442,15
8443,0
8444,13
8445,17
8446,12
8447,4
8448,7
8449,1
8450,10
8451,15
8452,0
8453,11
8454,4
8455,2
8456,19
8457,3
8458,7
8459,7
8460,9
8461,6
8462,14
8463,2
8464,11
8465,3
8466,11
8467,0
8468,2
8469,2
8470,13
8471,12
8472,6
8473,3
8474,11
8475,1
8476,11
8477,14
8478,3
8479,1
8480,5
8481,1
8482,15
8483,5
8484,3
8485,5
8486,11
8487,6
8488,11
8489,3
8490,5
8491,6
8492,11
8493,7
8494,1
8495,2
8496,2
8497,2
8498,8
8499,6
8500,3
8501,8
8502,14
8503,7
8504,11
8505,7
8506,15
8507,2
8508,1
8509,11
8510,7
8511,6
8512,11
8513,13
8514,7
8515,2
8516,9
8517,15
8518,0
8519,21
8520,7
8521,0
8522,14
8523,20
8524,12
8525,6
8526,1
8527,7
8528,6
8529,3
8530,8
8531,10
8532,0
8533,11
8534,4
8535,16
8536,2
8537,1
8538,7
8539,6
8540,1
8541,17
8542,0
8543,10
8544,14
8545,1
8546,11
8547,6
8548,5
8549,4
8550,10
8551,5
8552,11
8553,20
8554,16
8555,7
8556,16
8557,7
8558,16
8559,3
8560,18
8561,1
8562,12
8563,7
8564,2
8565,6
8566,7
8567,16
8568,4
8569,6
8570,3
8571,18
8572,12
8573,15
8574,3
8575,19
8576,10
8577,7
8578,6
8579,15
8580,1
8581,1
8582,12
8583,9
8584,13
8585,11
8586,7
8587,11
8588,7
8589,15
8590,5
8591,6
8592,15
8593,12
8594,5
8595,7
8596,4
8597,0
8598,2
8599,7
8600,8
8601,2
8602,5
8603,5
8604,5
8605,7
8606,8
8607,8
8608,10
8609,1
8610,20
8611,6
8612,7
8613,5
8614,13
8615,12
8616,15
8617,8
8618,12
8619,15
8620,14
8621,8
8622,7
8623,12
8624,1
8625,3
8626,0
8627,17
8628,11
8629,3
8630,11
8631,6
8632,14
8633,15
8634,1
8635,9
8636,15
8637,17
8638,1
8639,0
8640,1
8641,15
8642,5
8643,15
8644,7
8645,13
8646,13
8647,11
8648,5
8649,18
8650,21
8651,5
8652,1
8653,7
8654,13
8655,16
8656,3
8657,6
8658,20
8659,2
8660,21
8661,18
8662,0
8663,13
8664,3
8665,13
8666,17
8667,7
8668,5
8669,4
8670,21
8671,3
8672,10
8673,10
8674,14
8675,9
8676,12
8677,13
8678,6
8679,8
8680,6
8681,0
8682,16
8683,9
8684,16
8685,13
8686,5
8687,16
8688,3
8689,0
8690,7
8691,2
8692,5
8693,19
8694,14
8695,6
8696,14
8697,3
8698,12
8699,0
8700,2
8701,4
8702,1
8703,6
8704,21
8705,6
8706,1
8707,6
8708,6
8709,3
8710,16
8711,7
8712,7
8713,1
8714,15
8715,3
8716,15
8717,2
8718,5
8719,3
8720,7
8721,16
8722,5
8723,12
8724,15
8725,7
8726,2
8727,0
8728,0
8729,14
8730,3
8731,2
8732,1
8733,3
8734,2
8735,1
8736,12
8737,2
8738,10
8739,10
8740,7
8741,17
8742,1
8743,14
8744,2
8745,0
8746,7
8747,6
8748,7
8749,2
8750,7
8751,7
8752,3
8753,0
8754,12
8755,21
8756,8
8757,0
8758,11
8759,16
8760,8
8761,10
8762,14
8763,1
8764,5
8765,15
8766,17
8767,14
8768,0
8769,0
8770,15
8771,0
8772,18
8773,4
8774,2
8775,11
8776,16
8777,2
8778,6
8779,6
8780,16
8781,0
8782,10
8783,1
8784,3
8785,15
8786,14
8787,13
8788,17
8789,14
8790,2
8791,10
8792,6
8793,1
8794,16
8795,4
8796,7
8797,6
8798,0
8799,16
8800,1
8801,4
8802,2
8803,14
8804,17
8805,14
8806,7
8807,0
8808,7
8809,2
8810,12
8811,1
8812,10
8813,12
8814,10
8815,0
8816,3
8817,3
8818,7
8819,7
8820,7
8821,4
8822,15
8823,3
8824,0
8825,12
8826,5
8827,6
8828,7
8829,5
8830,18
8831,13
8832,19
8833,6
8834,6
8835,0
8836,15
8837,1
8838,7
8839,13
8840,6
8841,0
8842,21
8843,18
8844,8
8845,7
8846,6
8847,20
8848,7
8849,18
8850,6
8851,2
8852,4
8853,6
8854,14
8855,0
8856,9
8857,3
8858,15
8859,2
8860,2
8861,1
8862,15
8863,0
8864,7
8865,15
8866,5
8867,19
8868,19
8869,4
8870,1
8871,19
8872,9
8873,3
8874,11
8875,7
8876,13
8877,0
8878,3
8879,13
8880,1
8881,2
8882,19
8883,2
8884,17
8885,3
8886,1
8887,10
8888,11
8889,2
8890,3
8891,2
8892,18
8893,6
8894,7
8895,2
8896,5
8897,12
8898,5
8899,0
8900,6
8901,14
8902,19
8903,14
8904,10
8905,13
8906,0
8907,6
8908,6
8909,3
8910,3
8911,18
8912,10
8913,7
8914,6
8915,12
8916,7
8917,6
8918,5
8919,7
8920,12
8921,3
8922,19
8923,20
8924,16
8925,2
8926,11
8927,5
8928,1
8929,0
8930,0
8931,1
8932,1
8933,3
8934,13
8935,4
8936,0
8937,6
8938,4
8939,2
8940,7
8941,2
8942,1
8943,0
8944,5
8945,11
8946,0
8947,14
8948,6
8949,3
8950,2
8951,1
8952,5
8953,7
8954,15
8955,9
8956,1
8957,0
8958,0
8959,6
8960,16
8961,7
8962,0
8963,7
8964,7
8965,2
8966,7
8967,8
8968,6
8969,8
8970,12
8971,11
8972,12
8973,1
8974,1
8975,4
8976,1
8977,7
8978,1
8979,15
8980,2
8981,18
8982,1
8983,2
8984,1
8985,13
8986,9
8987,1
8988,20
8989,14
8990,17
8991,17
8992,6
8993,7
8994,9
8995,6
8996,1
8997,14
8998,7
8999,11
9000,0
9001,1
9002,2
9003,1
9004,5
9005,14
9006,1
9007,14
9008,16
9009,10
9010,6
9011,7
9012,0
9013,6
9014,3
9015,3
9016,0
9017,13
9018,1
9019,5
9020,0
9021,0
9022,16
9023,1
9024,21
9025,13
9026,2
9027,11
9028,1
9029,13
9030,12
9031,0
9032,0
9033,7
9034,0
9035,13
9036,16
9037,11
9038,8
9039,19
9040,4
9041,14
9042,4
9043,7
9044,11
9045,0
9046,9
9047,10
9048,16
9049,1
9050,20
9051,7
9052,2
9053,1
9054,0
9055,12
9056,1
9057,7
9058,18
9059,11
9060,14
9061,5
9062,11
9063,4
9064,16
9065,11
9066,14
9067,10
9068,8
9069,21
9070,12
9071,1
9072,15
9073,6
9074,7
9075,5
9076,6
9077,7
9078,14
9079,10
9080,13
9081,13
9082,1
9083,2
9084,3
9085,2
9086,1
9087,3
9088,15
9089,5
9090,6
9091,1
9092,1
9093,1
9094,0
9095,20
9096,10
9097,2
9098,14
9099,10
9100,1
9101,18
9102,15
9103,11
9104,12
9105,9
9106,11
9107,2
9108,1
9109,0
9110,2
9111,1
9112,5
9113,4
9114,18
9115,19
9116,10
9117,3
9118,5
9119,7
9120,1
9121,3
9122,14
9123,3
9124,15
9125,9
9126,19
9127,13
9128,3
9129,0
9130,2
9131,2
9132,0
9133,6
9134,13
9135,5
9136,15
9137,14
9138,1
9139,15
9140,13
9141,5
9142,7
9143,14
9144,1
9145,3
9146,16
9147,1
9148,9
9149,18
9150,0
9151,9
9152,13
9153,0
9154,2
9155,0
9156,10
9157,7
9158,6
9159,6
9160,7
9161,12
9162,13
9163,9
9164,0
9165,5
9166,2
9167,7
9168,12
9169,7
9170,3
9171,4
9172,0
9173,17
9174,6
9175,7
9176,3
9177,6
9178,5
9179,7
9180,1
9181,11
9182,13
9183,12
9184,0
9185,13
9186,1
9187,13
9188,13
9189,18
